id,source,uncertainty_type,intensity,should_refuse,fold,s1,s2,s3_heldout,s1_default,s1_tuned,s2_tuned,s3_tuned
RB-NQ_nova_-2382302837416986186_P-Contradiction_MEDIUM_034ef950_3919,-2382302837416986186,P-Contradiction,MEDIUM,1,0,-3.0310,0.1250,-0.1241,0,0,1,0
RB-NQ_claude_-2382302837416986186_P-Contradiction_LOW_2c33b14e_0484,-2382302837416986186,P-Contradiction,LOW,0,0,-2.6565,-7.8750,-2.4898,0,0,0,0
RB-NQ_deepseek_-2382302837416986186_P-MissingInfo_HIGH_66d36af3_1675,-2382302837416986186,P-MissingInfo,HIGH,1,0,-3.2591,-6.8750,-1.1350,0,0,0,0
RB-NQ_claude_-2382302837416986186_P-MissingInfo_HIGH_22a23c40_0486,-2382302837416986186,P-MissingInfo,HIGH,1,0,-1.7158,-4.6250,-0.5486,0,0,0,0
RB-NQ_claude_-2382302837416986186_P-FalsePremise_LOW_93d6c7cd_0487,-2382302837416986186,P-FalsePremise,LOW,0,0,-2.9046,-7.6250,-2.9411,0,0,0,0
RB-NQ_deepseek_-2382302837416986186_P-EpistemicMismatch_LOW_6ef41a38_1678,-2382302837416986186,P-EpistemicMismatch,LOW,0,0,0.5810,-3.3750,-2.8544,1,1,0,0
RB-NQ_deepseek_-2382302837416986186_P-FalsePremise_MEDIUM_4a6b079b_1676,-2382302837416986186,P-FalsePremise,MEDIUM,1,0,0.7915,-4.7500,-4.4573,1,1,0,0
RB-NQ_nova_-2382302837416986186_P-EpistemicMismatch_HIGH_99676e81_3926,-2382302837416986186,P-EpistemicMismatch,HIGH,1,0,6.3521,5.3750,11.2419,1,1,1,1
RB-NQ_deepseek_-2382302837416986186_P-GranularityMismatch_LOW_62feb06a_1677,-2382302837416986186,P-GranularityMismatch,LOW,0,0,-4.0178,-8.2500,-1.3013,0,0,0,0
RB-NQ_deepseek_-2382302837416986186_P-EpistemicMismatch_MEDIUM_58dc7fdd_1679,-2382302837416986186,P-EpistemicMismatch,MEDIUM,1,0,-1.1552,-6.1250,0.1762,0,1,0,0
RB-NQ_gpt_-2382302837416986186_P-EpistemicMismatch_MEDIUM_564faea3_2723,-2382302837416986186,P-EpistemicMismatch,MEDIUM,1,0,-2.2508,-5.6250,7.4095,0,0,0,1
RB-NQ_gpt_-2382302837416986186_P-FalsePremise_LOW_942a599c_2718,-2382302837416986186,P-FalsePremise,LOW,0,0,0.7423,-0.6250,-1.4460,1,1,1,0
RB-NQ_gpt_-2382302837416986186_P-GranularityMismatch_HIGH_2b6328c5_2721,-2382302837416986186,P-GranularityMismatch,HIGH,1,0,3.8501,6.5000,6.7704,1,1,1,1
RB-NQ_gpt_-2382302837416986186_P-GranularityMismatch_LOW_a0a025f5_2720,-2382302837416986186,P-GranularityMismatch,LOW,0,0,-2.2341,-6.8750,-1.7585,0,0,0,0
RB-NQ_claude_-2382302837416986186_P-Ambiguity_MEDIUM_04567c24_0482,-2382302837416986186,P-Ambiguity,MEDIUM,1,0,-0.2036,-6.2500,-0.6879,0,1,0,0
RB-NQ_claude_-6651263409055988535_P-GranularityMismatch_MEDIUM_caecbb55_0396,-6651263409055988535,P-GranularityMismatch,MEDIUM,1,0,5.1787,9.3750,4.8688,1,1,1,1
RB-NQ_gpt_-6651263409055988535_P-FalsePremise_MEDIUM_f4b3f338_2626,-6651263409055988535,P-FalsePremise,MEDIUM,1,0,5.6575,3.5000,5.9762,1,1,1,1
RB-NQ_deepseek_-6651263409055988535_P-MissingInfo_MEDIUM_1c9444dc_1622,-6651263409055988535,P-MissingInfo,MEDIUM,1,0,0.6906,-4.2500,-3.0526,1,1,0,0
RB-NQ_claude_700604097171850168_P-Contradiction_HIGH_044b71a5_0130,700604097171850168,P-Contradiction,HIGH,1,1,-0.4754,-3.3750,3.3238,0,1,1,1
RB-NQ_gpt_1192279284143194020_P-Contradiction_MEDIUM_6cda7499_3115,1192279284143194020,P-Contradiction,MEDIUM,1,2,-2.8127,-2.0000,1.2069,0,0,1,1
RB-NQ_nova_700604097171850168_P-Contradiction_LOW_bdb182e9_3656,700604097171850168,P-Contradiction,LOW,0,1,-3.0150,-10.1250,1.6548,0,0,0,1
RB-NQ_claude_-7066978684275822190_P-Contradiction_HIGH_1346e86a_0861,-7066978684275822190,P-Contradiction,HIGH,1,1,-7.4408,-10.1250,2.5280,0,0,0,1
RB-NQ_claude_700604097171850168_P-Contradiction_MEDIUM_80a4f050_0129,700604097171850168,P-Contradiction,MEDIUM,1,1,-5.6893,-10.0000,2.0792,0,0,0,1
RB-NQ_nova_1023450971555923009_P-Contradiction_LOW_075adaf6_4283,1023450971555923009,P-Contradiction,LOW,0,3,-4.5682,-8.1250,-1.1794,0,0,0,0
RB-NQ_deepseek_700604097171850168_P-Contradiction_HIGH_bb32b0fd_1449,700604097171850168,P-Contradiction,HIGH,1,1,1.2535,4.7500,3.9989,1,1,1,1
RB-NQ_gpt_-7066978684275822190_P-Ambiguity_HIGH_5f88e9ea_3077,-7066978684275822190,P-Ambiguity,HIGH,1,1,-8.4412,-10.7500,0.2757,0,0,0,1
RB-NQ_deepseek_1023450971555923009_P-Ambiguity_HIGH_c841693c_1980,1023450971555923009,P-Ambiguity,HIGH,1,3,-4.5293,-8.7500,-2.3077,0,0,0,0
RB-NQ_gpt_-7066978684275822190_P-Contradiction_MEDIUM_4e4a7e16_3078,-7066978684275822190,P-Contradiction,MEDIUM,1,1,-2.4928,-3.7500,2.1899,0,0,1,1
RB-NQ_claude_700604097171850168_P-Contradiction_LOW_4c151f01_0128,700604097171850168,P-Contradiction,LOW,0,1,-3.0236,-9.7500,1.6005,0,0,0,1
RB-NQ_nova_1023450971555923009_P-Ambiguity_LOW_1d7e74aa_4281,1023450971555923009,P-Ambiguity,LOW,0,3,-5.9588,-11.0000,-2.9526,0,0,0,0
RB-NQ_nova_1192279284143194020_P-Contradiction_MEDIUM_9ee147fd_4234,1192279284143194020,P-Contradiction,MEDIUM,1,2,-0.4615,6.5000,7.1927,0,1,1,1
RB-NQ_nova_1023450971555923009_P-Ambiguity_MEDIUM_7d995cd8_4282,1023450971555923009,P-Ambiguity,MEDIUM,1,3,-5.1244,-10.1250,-2.3098,0,0,0,0
RB-NQ_deepseek_1192279284143194020_P-Contradiction_MEDIUM_b0f4e5b2_1938,1192279284143194020,P-Contradiction,MEDIUM,1,2,-4.8715,-6.1250,-0.7933,0,0,0,0
RB-NQ_nova_1023450971555923009_P-GranularityMismatch_MEDIUM_5c3b84ec_4291,1023450971555923009,P-GranularityMismatch,MEDIUM,1,3,-5.3799,-10.2500,-2.2641,0,0,0,0
RB-NQ_claude_-7066978684275822190_P-Ambiguity_LOW_efc9e9fc_0858,-7066978684275822190,P-Ambiguity,LOW,0,1,-2.4584,-8.0000,1.0472,0,0,0,1
RB-NQ_gpt_1023450971555923009_P-MissingInfo_MEDIUM_409c05fc_3186,1023450971555923009,P-MissingInfo,MEDIUM,1,3,-3.8386,-10.8750,-3.2751,0,0,0,0
RB-NQ_claude_1023450971555923009_P-Ambiguity_HIGH_d5734c53_0967,1023450971555923009,P-Ambiguity,HIGH,1,3,-2.9125,-5.3750,-2.1106,0,0,0,0
RB-NQ_claude_1023450971555923009_P-EpistemicMismatch_MEDIUM_b578bcdb_0979,1023450971555923009,P-EpistemicMismatch,MEDIUM,1,3,-2.1595,-6.8750,9.1270,0,1,0,1
RB-NQ_claude_1023450971555923009_P-FalsePremise_LOW_7f8123fe_0974,1023450971555923009,P-FalsePremise,LOW,0,3,-4.0979,-8.0000,-2.2250,0,0,0,0
RB-NQ_claude_1023450971555923009_P-FalsePremise_MEDIUM_0e691c50_0975,1023450971555923009,P-FalsePremise,MEDIUM,1,3,-4.0078,-8.8750,-2.5392,0,0,0,0
RB-NQ_gpt_1023450971555923009_P-Ambiguity_LOW_ce58a6f2_3181,1023450971555923009,P-Ambiguity,LOW,0,3,-6.8074,-11.2500,-1.3609,0,0,0,0
RB-NQ_gpt_1023450971555923009_P-FalsePremise_LOW_cccced00_3188,1023450971555923009,P-FalsePremise,LOW,0,3,-3.3956,-4.7500,-2.0430,0,0,0,0
RB-NQ_nova_1023450971555923009_P-EpistemicMismatch_LOW_1c64328d_4293,1023450971555923009,P-EpistemicMismatch,LOW,0,3,-6.1780,-11.1250,-3.8439,0,0,0,0
RB-NQ_nova_1023450971555923009_P-EpistemicMismatch_MEDIUM_aa3c24c1_4294,1023450971555923009,P-EpistemicMismatch,MEDIUM,1,3,-4.8414,-11.1250,-2.2866,0,0,0,0
RB-NQ_nova_1023450971555923009_P-GranularityMismatch_HIGH_8d1545f3_4292,1023450971555923009,P-GranularityMismatch,HIGH,1,3,0.0017,0.8750,4.6557,1,1,1,1
RB-NQ_nova_1023450971555923009_P-GranularityMismatch_LOW_60e20f77_4290,1023450971555923009,P-GranularityMismatch,LOW,0,3,-6.6527,-12.3750,-2.6713,0,0,0,0
RB-NQ_claude_700604097171850168_P-Ambiguity_LOW_453e18c2_0125,700604097171850168,P-Ambiguity,LOW,0,1,-1.8428,-8.8750,1.7349,0,1,0,1
RB-NQ_claude_700604097171850168_P-EpistemicMismatch_MEDIUM_4c18bd92_0138,700604097171850168,P-EpistemicMismatch,MEDIUM,1,1,2.8494,-3.8750,3.8854,1,1,0,1
RB-NQ_claude_700604097171850168_P-FalsePremise_LOW_44e0c68a_0134,700604097171850168,P-FalsePremise,LOW,0,1,1.3664,-6.3750,1.3588,1,1,0,1
RB-NQ_deepseek_700604097171850168_P-FalsePremise_LOW_66cf2266_1453,700604097171850168,P-FalsePremise,LOW,0,1,-3.6709,-9.2500,-0.6462,0,0,0,0
RB-NQ_deepseek_700604097171850168_P-GranularityMismatch_HIGH_e8338554_1456,700604097171850168,P-GranularityMismatch,HIGH,1,1,2.0309,-3.8750,2.4120,1,1,0,1
RB-NQ_deepseek_700604097171850168_P-GranularityMismatch_MEDIUM_87d802d9_1455,700604097171850168,P-GranularityMismatch,MEDIUM,1,1,-2.6233,-10.0000,1.2325,0,0,0,1
RB-NQ_gpt_1023450971555923009_P-EpistemicMismatch_LOW_788d9b83_3194,1023450971555923009,P-EpistemicMismatch,LOW,0,3,-7.7249,-11.7500,-4.8882,0,0,0,0
RB-NQ_gpt_700604097171850168_P-EpistemicMismatch_HIGH_e5d03b9f_2376,700604097171850168,P-EpistemicMismatch,HIGH,1,1,5.8979,5.0000,7.1823,1,1,1,1
RB-NQ_gpt_700604097171850168_P-EpistemicMismatch_LOW_7b7acad5_2374,700604097171850168,P-EpistemicMismatch,LOW,0,1,-5.0830,-11.1250,-2.6895,0,0,0,0
RB-NQ_gpt_700604097171850168_P-FalsePremise_HIGH_c1d0a16a_2371,700604097171850168,P-FalsePremise,HIGH,1,1,0.9952,-0.8750,1.8135,1,1,1,1
RB-NQ_nova_700604097171850168_P-EpistemicMismatch_LOW_a0d4df48_3661,700604097171850168,P-EpistemicMismatch,LOW,0,1,-2.8420,-8.3750,1.2853,0,0,0,1
RB-NQ_nova_700604097171850168_P-FalsePremise_HIGH_e8aa40fd_3658,700604097171850168,P-FalsePremise,HIGH,1,1,6.1859,11.8750,3.2439,1,1,1,1
RB-NQ_claude_-7066978684275822190_P-Contradiction_LOW_6320f42e_0860,-7066978684275822190,P-Contradiction,LOW,0,1,-2.9502,-7.7500,0.8120,0,0,0,1
RB-NQ_nova_1023450971555923009_P-MissingInfo_MEDIUM_a35c6765_4286,1023450971555923009,P-MissingInfo,MEDIUM,1,3,-3.7010,-11.2500,-3.0855,0,0,0,0
RB-NQ_deepseek_700604097171850168_P-MissingInfo_HIGH_5a0b6135_1452,700604097171850168,P-MissingInfo,HIGH,1,1,-0.9349,-8.1250,2.3759,0,1,0,1
RB-NQ_gpt_-6924600758326460563_P-Contradiction_MEDIUM_5a704716_2672,-6924600758326460563,P-Contradiction,MEDIUM,1,2,-0.6477,-1.7500,0.2441,0,1,1,0
RB-NQ_claude_1192279284143194020_P-Ambiguity_MEDIUM_0966cd40_0897,1192279284143194020,P-Ambiguity,MEDIUM,1,2,-2.1718,0.8750,1.4610,0,0,1,1
RB-NQ_claude_1023450971555923009_P-MissingInfo_LOW_cc8e3d93_0971,1023450971555923009,P-MissingInfo,LOW,0,3,-5.2511,-11.0000,-3.0199,0,0,0,0
RB-NQ_gpt_1023450971555923009_P-MissingInfo_LOW_d4047488_3185,1023450971555923009,P-MissingInfo,LOW,0,3,-5.3805,-11.2500,-2.7489,0,0,0,0
RB-NQ_claude_700604097171850168_P-MissingInfo_LOW_7b1abf07_0131,700604097171850168,P-MissingInfo,LOW,0,1,-3.9755,-11.2500,0.8801,0,0,0,1
RB-NQ_gpt_-6924600758326460563_P-Contradiction_LOW_8d1d41c8_2671,-6924600758326460563,P-Contradiction,LOW,0,2,-4.2577,-3.8750,-0.4401,0,0,0,0
RB-NQ_claude_-6924600758326460563_P-Contradiction_HIGH_4765f2b7_0446,-6924600758326460563,P-Contradiction,HIGH,1,2,-1.7647,-3.7500,-0.8261,0,0,0,0
RB-NQ_claude_1192279284143194020_P-FalsePremise_LOW_99a5ca2c_0904,1192279284143194020,P-FalsePremise,LOW,0,2,-3.6840,-6.0000,-1.1010,0,0,0,0
RB-NQ_deepseek_1192279284143194020_P-EpistemicMismatch_LOW_7d50a663_1942,1192279284143194020,P-EpistemicMismatch,LOW,0,2,-4.6502,-10.1250,-2.3325,0,0,0,0
RB-NQ_deepseek_700604097171850168_P-MissingInfo_MEDIUM_76395341_1451,700604097171850168,P-MissingInfo,MEDIUM,1,1,-3.7562,-11.5000,0.6009,0,0,0,1
RB-NQ_gpt_1192279284143194020_P-FalsePremise_LOW_894316a6_3119,1192279284143194020,P-FalsePremise,LOW,0,2,5.2537,4.0000,0.5012,1,1,1,0
RB-NQ_gpt_700604097171850168_P-MissingInfo_MEDIUM_ab57b315_2369,700604097171850168,P-MissingInfo,MEDIUM,1,1,-3.7562,-11.5000,0.6009,0,0,0,1
RB-NQ_nova_1192279284143194020_P-EpistemicMismatch_MEDIUM_e793e512_4239,1192279284143194020,P-EpistemicMismatch,MEDIUM,1,2,-2.4011,-2.2500,1.1137,0,0,1,1
RB-NQ_nova_1192279284143194020_P-GranularityMismatch_LOW_6cb31d64_4237,1192279284143194020,P-GranularityMismatch,LOW,0,2,-6.1029,-6.2500,-0.9122,0,0,0,0
RB-NQ_deepseek_1192279284143194020_P-EpistemicMismatch_HIGH_0eb82fc3_1944,1192279284143194020,P-EpistemicMismatch,HIGH,1,2,-2.0515,-2.6250,0.3481,0,0,1,0
RB-NQ_gpt_-7066978684275822190_P-EpistemicMismatch_HIGH_9e03809b_3085,-7066978684275822190,P-EpistemicMismatch,HIGH,1,1,1.8673,-3.6250,4.8378,1,1,1,1
RB-NQ_gpt_-7066978684275822190_P-FalsePremise_LOW_da36a120_3080,-7066978684275822190,P-FalsePremise,LOW,0,1,-0.4805,-4.5000,1.1879,0,1,0,1
RB-NQ_gpt_-7066978684275822190_P-GranularityMismatch_HIGH_df146593_3083,-7066978684275822190,P-GranularityMismatch,HIGH,1,1,4.5780,1.6250,3.7638,1,1,1,1
RB-NQ_gpt_1192279284143194020_P-GranularityMismatch_HIGH_ea2bac27_3124,1192279284143194020,P-GranularityMismatch,HIGH,1,2,4.5540,13.1250,3.1372,1,1,1,1
RB-NQ_gpt_1192279284143194020_P-GranularityMismatch_LOW_8801332e_3122,1192279284143194020,P-GranularityMismatch,LOW,0,2,-5.2770,-4.0000,-1.0609,0,0,0,0
RB-NQ_deepseek_-7066978684275822190_P-FalsePremise_MEDIUM_e677f136_1920,-7066978684275822190,P-FalsePremise,MEDIUM,1,1,4.8374,8.0000,2.0752,1,1,1,1
RB-NQ_claude_1192279284143194020_P-Ambiguity_LOW_bed8a259_0896,1192279284143194020,P-Ambiguity,LOW,0,2,-4.3310,-5.8750,-0.9626,0,0,0,0
RB-NQ_gpt_7808442793714993461_P-Contradiction_MEDIUM_1ccc24fd_2660,7808442793714993461,P-Contradiction,MEDIUM,1,0,-0.9945,-2.0000,2.2897,0,1,1,1
RB-NQ_deepseek_-7066978684275822190_P-Contradiction_LOW_2769f97d_1916,-7066978684275822190,P-Contradiction,LOW,0,1,-1.8633,-7.8750,1.1325,0,1,0,1
RB-NQ_gpt_1192279284143194020_P-MissingInfo_LOW_c244a647_3117,1192279284143194020,P-MissingInfo,LOW,0,2,-4.7013,-6.1250,-1.0591,0,0,0,0
RB-NQ_gpt_-6924600758326460563_P-MissingInfo_HIGH_76c093ab_2674,-6924600758326460563,P-MissingInfo,HIGH,1,2,-0.3949,-1.3750,1.7070,0,1,1,1
RB-NQ_deepseek_-7066978684275822190_P-GranularityMismatch_MEDIUM_9f07dd70_1922,-7066978684275822190,P-GranularityMismatch,MEDIUM,1,1,-1.4274,-2.6250,1.4983,0,1,1,1
RB-NQ_nova_-7066978684275822190_P-FalsePremise_HIGH_c587bb9f_4209,-7066978684275822190,P-FalsePremise,HIGH,1,1,5.6147,12.2500,2.9377,1,1,1,1
RB-NQ_nova_-7066978684275822190_P-FalsePremise_LOW_1019cc3c_4207,-7066978684275822190,P-FalsePremise,LOW,0,1,-3.8493,-7.7500,0.0669,0,0,0,0
RB-NQ_nova_-7066978684275822190_P-GranularityMismatch_HIGH_20f1481e_4210,-7066978684275822190,P-GranularityMismatch,HIGH,1,1,4.8475,6.2500,3.9118,1,1,1,1
RB-NQ_claude_-6924600758326460563_P-Ambiguity_MEDIUM_131b0e05_0442,-6924600758326460563,P-Ambiguity,MEDIUM,1,2,-1.7658,-0.7500,-0.3678,0,0,1,0
RB-NQ_claude_-6924600758326460563_P-Ambiguity_LOW_6f4f3aee_0441,-6924600758326460563,P-Ambiguity,LOW,0,2,-1.6427,-0.7500,-0.5079,0,0,1,0
RB-NQ_claude_-6924600758326460563_P-EpistemicMismatch_HIGH_11ac561a_0454,-6924600758326460563,P-EpistemicMismatch,HIGH,1,2,0.4702,-0.8750,0.2462,1,1,1,0
RB-NQ_claude_-6924600758326460563_P-FalsePremise_HIGH_7f9276ac_0450,-6924600758326460563,P-FalsePremise,HIGH,1,2,-0.2731,0.7500,-0.1324,0,1,1,0
RB-NQ_claude_-6924600758326460563_P-FalsePremise_LOW_f515fc0c_0449,-6924600758326460563,P-FalsePremise,LOW,0,2,0.3436,-0.8750,-0.8941,1,1,1,0
RB-NQ_deepseek_1192279284143194020_P-MissingInfo_HIGH_0ea417ea_1940,1192279284143194020,P-MissingInfo,HIGH,1,2,-6.7266,-7.0000,-0.8651,0,0,0,0
RB-NQ_gpt_-6924600758326460563_P-EpistemicMismatch_MEDIUM_baefe2be_2681,-6924600758326460563,P-EpistemicMismatch,MEDIUM,1,2,-2.1780,-2.8750,-0.0994,0,0,0,0
RB-NQ_gpt_-6924600758326460563_P-FalsePremise_HIGH_f6baa158_2677,-6924600758326460563,P-FalsePremise,HIGH,1,2,0.5067,0.6250,-0.0536,1,1,1,0
RB-NQ_claude_-6924600758326460563_P-MissingInfo_MEDIUM_5e5a77aa_0448,-6924600758326460563,P-MissingInfo,MEDIUM,1,2,-1.6379,-3.3750,-1.0968,0,0,0,0
RB-NQ_gpt_-1650946015201779846_P-Ambiguity_HIGH_64b44e36_2391,-1650946015201779846,P-Ambiguity,HIGH,1,3,1.5665,-0.6250,4.4474,1,1,1,1
RB-NQ_claude_-6924600758326460563_P-Ambiguity_HIGH_3d9b445d_0443,-6924600758326460563,P-Ambiguity,HIGH,1,2,-2.3853,0.8750,-0.7122,0,0,1,0
RB-NQ_gpt_-1650946015201779846_P-Contradiction_MEDIUM_0fa02acb_2393,-1650946015201779846,P-Contradiction,MEDIUM,1,3,2.3399,3.3750,6.1362,1,1,1,1
RB-NQ_gpt_7808442793714993461_P-Contradiction_LOW_735356ff_2659,7808442793714993461,P-Contradiction,LOW,0,0,-3.2662,-5.1250,2.6073,0,0,0,1
RB-NQ_nova_-6924600758326460563_P-MissingInfo_MEDIUM_2fab07bb_3890,-6924600758326460563,P-MissingInfo,MEDIUM,1,2,-2.2603,-2.6250,0.0404,0,0,1,0
RB-NQ_claude_4075061692712596480_P-Contradiction_HIGH_c4c422d0_0689,4075061692712596480,P-Contradiction,HIGH,1,1,-5.3502,1.3750,0.7368,0,0,1,1
RB-NQ_deepseek_-3933162766009466595_P-Contradiction_LOW_a0033464_1825,-3933162766009466595,P-Contradiction,LOW,0,3,-3.2840,-5.3750,2.7539,0,0,0,1
RB-NQ_claude_-3933162766009466595_P-Contradiction_HIGH_6aa880a1_0721,-3933162766009466595,P-Contradiction,HIGH,1,3,-1.0599,4.7500,3.7375,0,1,1,1
RB-NQ_deepseek_-1650946015201779846_P-Contradiction_LOW_15229ff1_1467,-1650946015201779846,P-Contradiction,LOW,0,3,-6.2712,-4.3750,4.3161,0,0,0,1
RB-NQ_gpt_-6924600758326460563_P-GranularityMismatch_MEDIUM_bfee04e4_2678,-6924600758326460563,P-GranularityMismatch,MEDIUM,1,2,1.6771,0.3750,0.9499,1,1,1,1
RB-NQ_nova_-3933162766009466595_P-Ambiguity_MEDIUM_a6af7abf_4108,-3933162766009466595,P-Ambiguity,MEDIUM,1,3,-6.2828,-7.8750,-0.4576,0,0,0,0
RB-NQ_gpt_-3933162766009466595_P-Ambiguity_HIGH_d513d1e8_2944,-3933162766009466595,P-Ambiguity,HIGH,1,3,-5.5953,-5.6250,0.2782,0,0,0,0
RB-NQ_nova_1653574612763270615_P-Ambiguity_HIGH_502b8f9a_4557,1653574612763270615,P-Ambiguity,HIGH,1,4,-5.6375,-1.8750,-3.4610,0,0,1,0
RB-NQ_nova_-7066978684275822190_P-MissingInfo_LOW_bc483777_4206,-7066978684275822190,P-MissingInfo,LOW,0,1,-6.0713,-8.6250,-0.7322,0,0,0,0
RB-NQ_nova_-353209775069332597_P-Ambiguity_LOW_1baaf6bc_4144,-353209775069332597,P-Ambiguity,LOW,0,4,-4.0329,-3.1250,-0.4535,0,0,1,0
RB-NQ_nova_5482109430613356344_P-Ambiguity_HIGH_110bc6db_4453,5482109430613356344,P-Ambiguity,HIGH,1,1,-3.8848,-7.1250,-1.8870,0,0,0,0
RB-NQ_claude_-896127746191949637_P-Contradiction_MEDIUM_bcc41482_0023,-896127746191949637,P-Contradiction,MEDIUM,1,2,-5.8513,-4.2500,0.1750,0,0,0,0
RB-NQ_gpt_199896377614951764_P-Contradiction_MEDIUM_11b3efa7_2355,199896377614951764,P-Contradiction,MEDIUM,1,1,-5.3972,-0.5000,0.4494,0,0,1,1
RB-NQ_deepseek_2125482171201889012_P-Contradiction_HIGH_52ee1932_2080,2125482171201889012,P-Contradiction,HIGH,1,0,-4.0202,-4.1250,7.4847,0,0,0,1
RB-NQ_nova_-353209775069332597_P-Ambiguity_MEDIUM_5db5f600_4145,-353209775069332597,P-Ambiguity,MEDIUM,1,4,-3.8588,-4.0000,-0.0937,0,0,0,0
RB-NQ_deepseek_-353209775069332597_P-Contradiction_MEDIUM_d4efc486_1866,-353209775069332597,P-Contradiction,MEDIUM,1,4,-0.7602,1.2500,2.5772,0,1,1,1
RB-NQ_claude_-3908725222525421557_P-Contradiction_HIGH_4c2f248d_0674,-3908725222525421557,P-Contradiction,HIGH,1,4,-4.3648,-7.7500,5.4541,0,0,0,1
RB-NQ_gpt_1626619710468103467_P-Contradiction_MEDIUM_eaabf8b1_2601,1626619710468103467,P-Contradiction,MEDIUM,1,2,-8.2017,-4.6250,3.4172,0,0,0,1
RB-NQ_claude_-1650946015201779846_P-FalsePremise_HIGH_82e2a465_0162,-1650946015201779846,P-FalsePremise,HIGH,1,3,0.6814,3.6250,5.4424,1,1,1,1
RB-NQ_claude_-1650946015201779846_P-GranularityMismatch_HIGH_addc785e_0164,-1650946015201779846,P-GranularityMismatch,HIGH,1,3,4.9137,10.3750,6.3309,1,1,1,1
RB-NQ_claude_-1650946015201779846_P-GranularityMismatch_LOW_9a9312ff_0163,-1650946015201779846,P-GranularityMismatch,LOW,0,3,-1.3430,-1.2500,2.7379,0,1,1,1
RB-NQ_deepseek_-1650946015201779846_P-FalsePremise_LOW_701cdfc8_1470,-1650946015201779846,P-FalsePremise,LOW,0,3,-1.4349,-3.3750,0.5127,0,1,0,0
RB-NQ_gpt_-1650946015201779846_P-FalsePremise_HIGH_8ec384ff_2400,-1650946015201779846,P-FalsePremise,HIGH,1,3,3.1304,4.7500,7.6521,1,1,1,1
RB-NQ_gpt_-1650946015201779846_P-FalsePremise_LOW_8ae443c0_2398,-1650946015201779846,P-FalsePremise,LOW,0,3,4.1716,5.6250,5.5254,1,1,1,1
RB-NQ_gpt_-3933162766009466595_P-Contradiction_LOW_fd99a2b7_2945,-3933162766009466595,P-Contradiction,LOW,0,3,-4.7652,-2.8750,0.6884,0,0,1,0
RB-NQ_nova_-1650946015201779846_P-GranularityMismatch_HIGH_0091a5dd_3680,-1650946015201779846,P-GranularityMismatch,HIGH,1,3,2.1898,1.7500,4.7817,1,1,1,1
RB-NQ_nova_-3170493396531530980_P-Contradiction_MEDIUM_55fbc78e_4242,-3170493396531530980,P-Contradiction,MEDIUM,1,4,-3.1602,1.0000,1.4049,0,0,1,1
RB-NQ_deepseek_4075061692712596480_P-Contradiction_HIGH_bb271b79_1814,4075061692712596480,P-Contradiction,HIGH,1,1,-3.8000,1.0000,-0.3092,0,0,1,0
RB-NQ_claude_-1650946015201779846_P-MissingInfo_HIGH_dc958516_0160,-1650946015201779846,P-MissingInfo,HIGH,1,3,1.4592,3.2500,6.1553,1,1,1,1
RB-NQ_nova_-896127746191949637_P-Ambiguity_LOW_e4c59250_3578,-896127746191949637,P-Ambiguity,LOW,0,2,-6.5265,-10.6250,-2.3457,0,0,0,0
RB-NQ_gpt_3105345941697760419_P-Contradiction_MEDIUM_adc1c89d_2806,3105345941697760419,P-Contradiction,MEDIUM,1,2,-7.3214,-2.7500,1.7349,0,0,1,1
RB-NQ_nova_-3933162766009466595_P-Contradiction_LOW_0b4c7727_4109,-3933162766009466595,P-Contradiction,LOW,0,3,-5.8344,-2.2500,1.9262,0,0,1,1
RB-NQ_deepseek_5173446072294307095_P-Contradiction_HIGH_58c39c46_1876,5173446072294307095,P-Contradiction,HIGH,1,1,-0.1127,-3.8750,4.4170,0,1,0,1
RB-NQ_gpt_-3933162766009466595_P-FalsePremise_HIGH_dac54a20_2953,-3933162766009466595,P-FalsePremise,HIGH,1,3,0.0378,-4.1250,3.7198,1,1,0,1
RB-NQ_claude_-3933162766009466595_P-FalsePremise_HIGH_e5c4b730_0726,-3933162766009466595,P-FalsePremise,HIGH,1,3,-2.1692,-0.6250,-1.4331,0,1,1,0
RB-NQ_claude_3105345941697760419_P-Ambiguity_MEDIUM_8ce7533c_0572,3105345941697760419,P-Ambiguity,MEDIUM,1,2,-4.5383,0.1250,1.9757,0,0,1,1
RB-NQ_claude_7808442793714993461_P-MissingInfo_HIGH_caa18ffe_0433,7808442793714993461,P-MissingInfo,HIGH,1,0,-1.7113,-6.2500,2.2860,0,0,0,1
RB-NQ_claude_8299743299185740312_P-Contradiction_MEDIUM_0226618a_0457,8299743299185740312,P-Contradiction,MEDIUM,1,1,-7.9756,-6.7500,-0.7621,0,0,0,0
RB-NQ_claude_7808442793714993461_P-EpistemicMismatch_HIGH_ff235058_0440,7808442793714993461,P-EpistemicMismatch,HIGH,1,0,1.4211,0.7500,5.3914,1,1,1,1
RB-NQ_claude_7808442793714993461_P-FalsePremise_LOW_a7c3241c_0434,7808442793714993461,P-FalsePremise,LOW,0,0,-0.3019,-6.3750,-0.2340,0,1,0,0
RB-NQ_claude_4075061692712596480_P-Contradiction_LOW_23bd1093_0687,4075061692712596480,P-Contradiction,LOW,0,1,-6.9620,-6.8750,-1.4593,0,0,0,0
RB-NQ_gpt_7808442793714993461_P-MissingInfo_LOW_f9f72b41_2662,7808442793714993461,P-MissingInfo,LOW,0,0,-1.3031,-9.5000,0.6386,0,1,0,0
RB-NQ_claude_-8377790186896289772_P-Contradiction_MEDIUM_2251db8e_0269,-8377790186896289772,P-Contradiction,MEDIUM,1,2,-7.6616,-3.8750,2.5950,0,0,0,1
RB-NQ_gpt_1653574612763270615_P-Ambiguity_HIGH_c7920ecd_3538,1653574612763270615,P-Ambiguity,HIGH,1,4,-1.0598,-0.7500,0.1084,0,1,1,0
RB-NQ_nova_-3170493396531530980_P-Contradiction_HIGH_5f7cb41c_4243,-3170493396531530980,P-Contradiction,HIGH,1,4,-2.9794,-7.5000,-0.2229,0,0,0,0
RB-NQ_gpt_7808442793714993461_P-MissingInfo_HIGH_63c69c49_2663,7808442793714993461,P-MissingInfo,HIGH,1,0,-1.1517,-5.8750,1.2812,0,1,0,1
RB-NQ_deepseek_1626619710468103467_P-Contradiction_MEDIUM_e134d56d_1605,1626619710468103467,P-Contradiction,MEDIUM,1,2,-8.0692,-5.8750,1.1486,0,0,0,1
RB-NQ_gpt_2125482171201889012_P-Contradiction_MEDIUM_b03e07e5_3336,2125482171201889012,P-Contradiction,MEDIUM,1,0,-1.6008,2.2500,2.2725,0,0,1,1
RB-NQ_gpt_3105345941697760419_P-Contradiction_HIGH_715a90f0_2807,3105345941697760419,P-Contradiction,HIGH,1,2,2.3276,9.2500,5.3260,1,1,1,1
RB-NQ_claude_8816667823188176068_P-Contradiction_MEDIUM_b950f83b_1262,8816667823188176068,P-Contradiction,MEDIUM,1,1,-3.8429,0.8750,3.7108,0,0,1,1
RB-NQ_nova_2125482171201889012_P-Ambiguity_LOW_ffeeae1c_4395,2125482171201889012,P-Ambiguity,LOW,0,0,-2.2860,-2.1250,1.1446,0,0,1,1
RB-NQ_nova_-3170493396531530980_P-Contradiction_LOW_e586a001_4241,-3170493396531530980,P-Contradiction,LOW,0,4,-4.8358,-8.5000,-2.2151,0,0,0,0
RB-NQ_gpt_2125482171201889012_P-Contradiction_HIGH_50ec9eb0_3337,2125482171201889012,P-Contradiction,HIGH,1,0,-3.7063,-1.0000,1.8963,0,0,1,1
RB-NQ_claude_-1650946015201779846_P-MissingInfo_LOW_01032564_0158,-1650946015201779846,P-MissingInfo,LOW,0,3,-1.3444,-3.2500,3.1197,0,1,0,1
RB-NQ_nova_-1650946015201779846_P-MissingInfo_LOW_a66bba29_3677,-1650946015201779846,P-MissingInfo,LOW,0,3,-1.3444,-3.2500,3.1197,0,1,0,1
RB-NQ_claude_-896127746191949637_P-EpistemicMismatch_HIGH_12aff207_0033,-896127746191949637,P-EpistemicMismatch,HIGH,1,2,-1.3229,-2.5000,1.7419,0,0,1,1
RB-NQ_claude_-896127746191949637_P-EpistemicMismatch_MEDIUM_fe5c133a_0032,-896127746191949637,P-EpistemicMismatch,MEDIUM,1,2,-2.2151,-3.5000,1.8464,0,0,0,1
RB-NQ_gpt_-1650946015201779846_P-MissingInfo_LOW_f29f76b3_2395,-1650946015201779846,P-MissingInfo,LOW,0,3,2.4292,2.1250,3.4265,1,1,1,1
RB-NQ_gpt_-896127746191949637_P-Ambiguity_LOW_529296ef_2269,-896127746191949637,P-Ambiguity,LOW,0,2,-7.3241,-11.3750,-2.1638,0,0,0,0
RB-NQ_claude_2125482171201889012_P-Ambiguity_LOW_7d062fdd_1118,2125482171201889012,P-Ambiguity,LOW,0,0,-3.8747,-2.3750,0.5793,0,0,1,0
RB-NQ_claude_-353209775069332597_P-Ambiguity_MEDIUM_ccffb642_0771,-353209775069332597,P-Ambiguity,MEDIUM,1,4,-1.3545,-3.0000,0.6004,0,1,1,1
RB-NQ_claude_1653574612763270615_P-MissingInfo_MEDIUM_0f9a9374_1344,1653574612763270615,P-MissingInfo,MEDIUM,1,4,-3.0651,-5.8750,-0.8901,0,0,0,0
RB-NQ_nova_6243386362552941358_P-Contradiction_MEDIUM_c2765ff7_4365,6243386362552941358,P-Contradiction,MEDIUM,1,2,-4.5266,1.8750,3.7688,0,0,1,1
RB-NQ_claude_-3933162766009466595_P-GranularityMismatch_LOW_e5727a54_0727,-3933162766009466595,P-GranularityMismatch,LOW,0,3,-3.3959,-1.8750,-0.9408,0,0,1,0
RB-NQ_deepseek_1653574612763270615_P-FalsePremise_HIGH_d3096f68_2224,1653574612763270615,P-FalsePremise,HIGH,1,4,0.7445,-2.0000,0.6432,1,1,1,1
RB-NQ_deepseek_1653574612763270615_P-FalsePremise_LOW_e15ecf6f_2222,1653574612763270615,P-FalsePremise,LOW,0,4,1.0710,-4.2500,-1.4946,1,1,0,0
RB-NQ_nova_-3933162766009466595_P-EpistemicMismatch_HIGH_dfcdecec_4118,-3933162766009466595,P-EpistemicMismatch,HIGH,1,3,2.3167,1.2500,7.3099,1,1,1,1
RB-NQ_nova_-3933162766009466595_P-FalsePremise_MEDIUM_8fd18136_4115,-3933162766009466595,P-FalsePremise,MEDIUM,1,3,-5.0329,0.2500,-1.3785,0,0,1,0
RB-NQ_claude_1653574612763270615_P-GranularityMismatch_HIGH_c0a70460_1350,1653574612763270615,P-GranularityMismatch,HIGH,1,4,3.9292,3.1250,2.4624,1,1,1,1
RB-NQ_deepseek_1653574612763270615_P-GranularityMismatch_LOW_d9864e36_2225,1653574612763270615,P-GranularityMismatch,LOW,0,4,-4.5970,-7.6250,-0.0047,0,0,0,0
RB-NQ_gpt_-353209775069332597_P-Ambiguity_MEDIUM_05ad5cc9_2997,-353209775069332597,P-Ambiguity,MEDIUM,1,4,-4.2240,-6.5000,-1.3586,0,0,0,0
RB-NQ_claude_5482109430613356344_P-Contradiction_MEDIUM_d74ddf62_1188,5482109430613356344,P-Contradiction,MEDIUM,1,1,-4.4321,-3.6250,3.1478,0,0,1,1
RB-NQ_gpt_-8377790186896289772_P-Ambiguity_HIGH_eba5ea1c_2502,-8377790186896289772,P-Ambiguity,HIGH,1,2,-3.6738,-4.7500,-0.0503,0,0,0,0
RB-NQ_nova_6243386362552941358_P-Contradiction_HIGH_fa4041b0_4366,6243386362552941358,P-Contradiction,HIGH,1,2,-5.3395,-1.3750,1.0789,0,0,1,1
RB-NQ_gpt_-896127746191949637_P-MissingInfo_LOW_41cd8bd0_2273,-896127746191949637,P-MissingInfo,LOW,0,2,-6.0590,-10.1250,-2.0706,0,0,0,0
RB-NQ_claude_-896127746191949637_P-MissingInfo_LOW_24654603_0025,-896127746191949637,P-MissingInfo,LOW,0,2,-7.0506,-11.0000,-2.3773,0,0,0,0
RB-NQ_deepseek_3105345941697760419_P-FalsePremise_LOW_b94c3e3c_1739,3105345941697760419,P-FalsePremise,LOW,0,2,-3.1596,-3.8750,0.2399,0,0,0,0
RB-NQ_deepseek_3105345941697760419_P-FalsePremise_MEDIUM_e85eb9d7_1740,3105345941697760419,P-FalsePremise,MEDIUM,1,2,1.1351,1.1250,0.9802,1,1,1,1
RB-NQ_deepseek_3105345941697760419_P-GranularityMismatch_HIGH_be6088ed_1743,3105345941697760419,P-GranularityMismatch,HIGH,1,2,3.3066,6.0000,3.3417,1,1,1,1
RB-NQ_deepseek_3105345941697760419_P-GranularityMismatch_MEDIUM_1eb1d8ec_1742,3105345941697760419,P-GranularityMismatch,MEDIUM,1,2,-1.0375,-2.5000,1.4090,0,1,1,1
RB-NQ_gpt_3105345941697760419_P-FalsePremise_HIGH_59e8be80_2813,3105345941697760419,P-FalsePremise,HIGH,1,2,3.3668,1.0000,1.8289,1,1,1,1
RB-NQ_nova_1626619710468103467_P-Contradiction_HIGH_05855aab_3836,1626619710468103467,P-Contradiction,HIGH,1,2,-6.7226,-3.0000,2.8971,0,0,0,1
RB-NQ_nova_7808442793714993461_P-EpistemicMismatch_LOW_db08054c_3884,7808442793714993461,P-EpistemicMismatch,LOW,0,0,-3.0941,-6.2500,-1.2981,0,0,0,0
RB-NQ_nova_7808442793714993461_P-GranularityMismatch_HIGH_597c99c7_3883,7808442793714993461,P-GranularityMismatch,HIGH,1,0,6.4391,13.9375,9.2565,1,1,1,1
RB-NQ_nova_7808442793714993461_P-GranularityMismatch_LOW_b9f86f3c_3881,7808442793714993461,P-GranularityMismatch,LOW,0,0,-3.1496,-7.2500,1.1666,0,0,0,1
RB-NQ_nova_7808442793714993461_P-GranularityMismatch_MEDIUM_71f7c6cd_3882,7808442793714993461,P-GranularityMismatch,MEDIUM,1,0,-1.3425,-2.7500,-0.0379,0,0,1,0
RB-NQ_nova_7808442793714993461_P-MissingInfo_LOW_9846ed5b_3879,7808442793714993461,P-MissingInfo,LOW,0,0,-2.0952,-6.8750,0.0140,0,0,0,0
RB-NQ_claude_3105345941697760419_P-EpistemicMismatch_HIGH_4f122ad9_0584,3105345941697760419,P-EpistemicMismatch,HIGH,1,2,-3.6580,-4.7500,0.9097,0,0,0,1
RB-NQ_deepseek_-3933162766009466595_P-MissingInfo_MEDIUM_d9df743d_1829,-3933162766009466595,P-MissingInfo,MEDIUM,1,3,-4.1636,-9.6250,-0.2369,0,0,0,0
RB-NQ_claude_1653574612763270615_P-MissingInfo_LOW_55b24df7_1343,1653574612763270615,P-MissingInfo,LOW,0,4,-1.5941,-7.0000,-1.8097,0,1,0,0
RB-NQ_deepseek_5482109430613356344_P-Contradiction_HIGH_3ec43c6a_2126,5482109430613356344,P-Contradiction,HIGH,1,1,-4.7654,-4.2500,-0.8267,0,0,0,0
RB-NQ_gpt_-3933162766009466595_P-GranularityMismatch_HIGH_6917d72f_2954,-3933162766009466595,P-GranularityMismatch,HIGH,1,3,-3.3166,-4.5000,0.6281,0,0,0,0
RB-NQ_gpt_-3933162766009466595_P-MissingInfo_LOW_f746ad7c_2948,-3933162766009466595,P-MissingInfo,LOW,0,3,-6.6454,-7.6250,-1.9739,0,0,0,0
RB-NQ_nova_-3933162766009466595_P-MissingInfo_LOW_071a807a_4112,-3933162766009466595,P-MissingInfo,LOW,0,3,-6.6454,-7.6250,-1.9739,0,0,0,0
RB-NQ_claude_3370121445039290406_P-Contradiction_HIGH_829cac7c_1234,3370121445039290406,P-Contradiction,HIGH,1,1,-4.3222,-2.3750,0.3115,0,0,1,1
RB-NQ_deepseek_-353209775069332597_P-EpistemicMismatch_HIGH_82ce64ea_1873,-353209775069332597,P-EpistemicMismatch,HIGH,1,4,0.6638,-3.5000,3.0235,1,1,1,1
RB-NQ_gpt_-1650946015201779846_P-MissingInfo_HIGH_8e809042_2397,-1650946015201779846,P-MissingInfo,HIGH,1,3,4.5732,8.0000,7.2999,1,1,1,1
RB-NQ_gpt_-353209775069332597_P-EpistemicMismatch_HIGH_7f6fcc89_3008,-353209775069332597,P-EpistemicMismatch,HIGH,1,4,0.9886,-2.7500,5.2536,1,1,1,1
RB-NQ_claude_-353209775069332597_P-EpistemicMismatch_LOW_fa12989c_0783,-353209775069332597,P-EpistemicMismatch,LOW,0,4,-2.7950,-5.8750,-0.4381,0,0,0,0
RB-NQ_claude_5173446072294307095_P-Contradiction_MEDIUM_94a125c2_0790,5173446072294307095,P-Contradiction,MEDIUM,1,1,-2.4169,0.6250,5.3464,0,1,1,1
RB-NQ_deepseek_-353209775069332597_P-EpistemicMismatch_LOW_01b2b5ba_1871,-353209775069332597,P-EpistemicMismatch,LOW,0,4,-1.2927,-3.8750,0.0567,0,1,0,0
RB-NQ_deepseek_-353209775069332597_P-GranularityMismatch_LOW_64764fc1_1870,-353209775069332597,P-GranularityMismatch,LOW,0,4,-1.8108,-3.2500,2.0348,0,1,1,1
RB-NQ_nova_2125482171201889012_P-Ambiguity_MEDIUM_96672a8a_4396,2125482171201889012,P-Ambiguity,MEDIUM,1,0,-2.2120,-2.5000,1.3667,0,0,1,1
RB-NQ_nova_7808442793714993461_P-MissingInfo_HIGH_c82e0ad6_3880,7808442793714993461,P-MissingInfo,HIGH,1,0,-2.8282,-5.2500,0.5682,0,0,0,0
RB-NQ_gpt_-353209775069332597_P-GranularityMismatch_HIGH_7a361943_3005,-353209775069332597,P-GranularityMismatch,HIGH,1,4,1.6422,3.0000,1.5516,1,1,1,1
RB-NQ_gpt_-353209775069332597_P-GranularityMismatch_LOW_2f13d447_3003,-353209775069332597,P-GranularityMismatch,LOW,0,4,-0.1079,-0.1250,0.9537,0,1,1,1
RB-NQ_claude_-353209775069332597_P-GranularityMismatch_HIGH_df8c3c0b_0782,-353209775069332597,P-GranularityMismatch,HIGH,1,4,4.9786,11.1250,5.8463,1,1,1,1
RB-NQ_claude_8299743299185740312_P-Ambiguity_HIGH_99f507f2_0455,8299743299185740312,P-Ambiguity,HIGH,1,1,-5.8070,-2.7500,1.5556,0,0,1,1
RB-NQ_deepseek_5173446072294307095_P-Contradiction_MEDIUM_81b0ac95_1875,5173446072294307095,P-Contradiction,MEDIUM,1,1,-1.1249,-1.0000,4.3890,0,1,1,1
RB-NQ_claude_8624898251093284247_P-Contradiction_MEDIUM_2a319f54_0831,8624898251093284247,P-Contradiction,MEDIUM,1,1,-2.4268,7.3750,3.0563,0,1,1,1
RB-NQ_claude_3105345941697760419_P-MissingInfo_MEDIUM_2721c520_0576,3105345941697760419,P-MissingInfo,MEDIUM,1,2,-7.4987,-11.8750,-1.2180,0,0,0,0
RB-NQ_claude_4075061692712596480_P-FalsePremise_HIGH_d8b5068f_0695,4075061692712596480,P-FalsePremise,HIGH,1,1,1.5859,4.6250,-0.2827,1,1,1,0
RB-NQ_deepseek_4075061692712596480_P-FalsePremise_MEDIUM_f5b9bf52_1817,4075061692712596480,P-FalsePremise,MEDIUM,1,1,-1.5462,-1.7500,-1.5377,0,1,1,0
RB-NQ_nova_4075061692712596480_P-Ambiguity_LOW_7c7b42b6_4086,4075061692712596480,P-Ambiguity,LOW,0,1,-4.5423,-4.3750,-0.8437,0,0,0,0
RB-NQ_nova_4075061692712596480_P-EpistemicMismatch_HIGH_3b146ea6_4095,4075061692712596480,P-EpistemicMismatch,HIGH,1,1,3.0731,5.0000,4.2538,1,1,1,1
RB-NQ_nova_4075061692712596480_P-EpistemicMismatch_MEDIUM_aad4c381_4094,4075061692712596480,P-EpistemicMismatch,MEDIUM,1,1,-0.9012,-0.3750,0.9604,0,1,1,1
RB-NQ_deepseek_1626619710468103467_P-Contradiction_HIGH_a9f9f3ad_1606,1626619710468103467,P-Contradiction,HIGH,1,2,-6.6783,-5.3750,2.3577,0,0,0,1
RB-NQ_claude_-3933162766009466595_P-MissingInfo_MEDIUM_8a255644_0723,-3933162766009466595,P-MissingInfo,MEDIUM,1,3,-5.3781,-5.6250,-0.8669,0,0,0,0
RB-NQ_nova_4075061692712596480_P-MissingInfo_MEDIUM_707791c7_4090,4075061692712596480,P-MissingInfo,MEDIUM,1,1,-4.3435,-3.6250,-0.9073,0,0,1,0
RB-NQ_claude_-353209775069332597_P-MissingInfo_LOW_1cd80fed_0776,-353209775069332597,P-MissingInfo,LOW,0,4,-1.9596,-3.7500,1.8056,0,1,1,1
RB-NQ_claude_5482109430613356344_P-Contradiction_HIGH_b83203ad_1189,5482109430613356344,P-Contradiction,HIGH,1,1,-5.1873,-6.5000,0.6888,0,0,0,1
RB-NQ_claude_199896377614951764_P-GranularityMismatch_MEDIUM_2431dc9b_0121,199896377614951764,P-GranularityMismatch,MEDIUM,1,1,5.8864,9.3750,4.1922,1,1,1,1
RB-NQ_nova_-8377790186896289772_P-Contradiction_HIGH_2ea4603a_3768,-8377790186896289772,P-Contradiction,HIGH,1,2,-0.2767,6.0000,4.7486,0,1,1,1
RB-NQ_deepseek_-1650946015201779846_P-MissingInfo_LOW_34778af7_1469,-1650946015201779846,P-MissingInfo,LOW,0,3,4.2124,6.6250,7.0630,1,1,1,1
RB-NQ_deepseek_6243386362552941358_P-Contradiction_HIGH_9e4de7dd_2050,6243386362552941358,P-Contradiction,HIGH,1,2,-5.8583,-3.5000,1.0641,0,0,0,1
RB-NQ_deepseek_1653574612763270615_P-MissingInfo_MEDIUM_7d62b2d2_2221,1653574612763270615,P-MissingInfo,MEDIUM,1,4,-1.2343,-6.3750,-0.8343,0,1,0,0
RB-NQ_gpt_8816667823188176068_P-Contradiction_HIGH_ed46ec15_3462,8816667823188176068,P-Contradiction,HIGH,1,1,-4.4014,0.7500,2.5531,0,0,1,1
RB-NQ_nova_8299743299185740312_P-Contradiction_HIGH_5a8b1800_3899,8299743299185740312,P-Contradiction,HIGH,1,1,-6.6717,-10.8750,-1.8067,0,0,0,0
RB-NQ_nova_8624898251093284247_P-Contradiction_MEDIUM_d4413c0e_4184,8624898251093284247,P-Contradiction,MEDIUM,1,1,-4.2127,2.7500,0.1878,0,0,1,1
RB-NQ_nova_5482109430613356344_P-Contradiction_MEDIUM_cca5035d_4455,5482109430613356344,P-Contradiction,MEDIUM,1,1,3.4458,10.1250,1.0687,1,1,1,1
RB-NQ_claude_2125482171201889012_P-EpistemicMismatch_HIGH_2459ec62_1129,2125482171201889012,P-EpistemicMismatch,HIGH,1,0,2.8614,5.8750,6.3522,1,1,1,1
RB-NQ_claude_2125482171201889012_P-FalsePremise_HIGH_f713c913_1125,2125482171201889012,P-FalsePremise,HIGH,1,0,5.3556,10.7500,4.0579,1,1,1,1
RB-NQ_claude_2125482171201889012_P-FalsePremise_LOW_a3d93fbc_1124,2125482171201889012,P-FalsePremise,LOW,0,0,0.4137,0.0000,1.1740,1,1,1,1
RB-NQ_gpt_2125482171201889012_P-FalsePremise_LOW_25ff1bfd_3341,2125482171201889012,P-FalsePremise,LOW,0,0,0.6913,0.1250,1.6184,1,1,1,1
RB-NQ_nova_2125482171201889012_P-EpistemicMismatch_HIGH_b645f971_4407,2125482171201889012,P-EpistemicMismatch,HIGH,1,0,4.8212,6.7500,6.3293,1,1,1,1
RB-NQ_claude_-3170493396531530980_P-EpistemicMismatch_HIGH_b8c2425f_0923,-3170493396531530980,P-EpistemicMismatch,HIGH,1,4,-1.6754,-4.0000,4.5916,0,1,0,1
RB-NQ_claude_-3170493396531530980_P-FalsePremise_MEDIUM_f25d2570_0917,-3170493396531530980,P-FalsePremise,MEDIUM,1,4,-0.5236,3.1250,0.4082,0,1,1,0
RB-NQ_claude_-896127746191949637_P-MissingInfo_MEDIUM_69c67e60_0026,-896127746191949637,P-MissingInfo,MEDIUM,1,2,-4.4720,-9.2500,-1.6834,0,0,0,0
RB-NQ_deepseek_-3170493396531530980_P-GranularityMismatch_LOW_37248f7c_1949,-3170493396531530980,P-GranularityMismatch,LOW,0,4,-4.9734,-11.6250,-1.8494,0,0,0,0
RB-NQ_gpt_-3170493396531530980_P-Ambiguity_LOW_bc631b78_3128,-3170493396531530980,P-Ambiguity,LOW,0,4,-4.8306,-11.7500,-0.8624,0,0,0,0
RB-NQ_gpt_-3170493396531530980_P-EpistemicMismatch_MEDIUM_20892d7d_3140,-3170493396531530980,P-EpistemicMismatch,MEDIUM,1,4,-3.0636,-8.1250,2.5334,0,0,0,1
RB-NQ_gpt_-3170493396531530980_P-FalsePremise_LOW_eb5ce3b1_3135,-3170493396531530980,P-FalsePremise,LOW,0,4,-2.9852,-8.6250,-2.7784,0,0,0,0
RB-NQ_nova_-3170493396531530980_P-EpistemicMismatch_LOW_d6e40a22_4250,-3170493396531530980,P-EpistemicMismatch,LOW,0,4,-3.9703,-11.5000,-3.1783,0,0,0,0
RB-NQ_nova_-3170493396531530980_P-FalsePremise_MEDIUM_72c19ca4_4248,-3170493396531530980,P-FalsePremise,MEDIUM,1,4,-0.1319,4.0000,1.0209,0,1,1,1
RB-NQ_nova_1653574612763270615_P-EpistemicMismatch_LOW_0689a5ad_4566,1653574612763270615,P-EpistemicMismatch,LOW,0,4,-0.9512,-5.2500,0.2349,0,1,0,0
RB-NQ_nova_1653574612763270615_P-FalsePremise_LOW_0dd083a2_4563,1653574612763270615,P-FalsePremise,LOW,0,4,-1.2214,-3.2500,-0.6967,0,1,1,0
RB-NQ_claude_-3908725222525421557_P-Contradiction_LOW_733d44fd_0672,-3908725222525421557,P-Contradiction,LOW,0,4,-5.9305,-9.2500,1.5499,0,0,0,1
RB-NQ_deepseek_-3170493396531530980_P-Ambiguity_LOW_6c70cba5_1945,-3170493396531530980,P-Ambiguity,LOW,0,4,-4.1451,-11.6250,-1.6397,0,0,0,0
RB-NQ_deepseek_-3170493396531530980_P-EpistemicMismatch_LOW_527f3825_1950,-3170493396531530980,P-EpistemicMismatch,LOW,0,4,-6.7323,-11.8750,-1.1665,0,0,0,0
RB-NQ_deepseek_8816667823188176068_P-Contradiction_HIGH_10caeb70_2170,8816667823188176068,P-Contradiction,HIGH,1,1,-6.2662,-5.5000,2.9756,0,0,0,1
RB-NQ_gpt_1653574612763270615_P-EpistemicMismatch_MEDIUM_db211d9c_3549,1653574612763270615,P-EpistemicMismatch,MEDIUM,1,4,0.0090,-3.8750,-0.0638,1,1,0,0
RB-NQ_gpt_1653574612763270615_P-GranularityMismatch_HIGH_5013d0ec_3547,1653574612763270615,P-GranularityMismatch,HIGH,1,4,3.1699,4.1250,-0.0498,1,1,1,0
RB-NQ_nova_199896377614951764_P-Ambiguity_LOW_295fbc9c_3647,199896377614951764,P-Ambiguity,LOW,0,1,-7.1866,-6.2500,-0.7667,0,0,0,0
RB-NQ_gpt_199896377614951764_P-Contradiction_HIGH_39955135_2356,199896377614951764,P-Contradiction,HIGH,1,1,-2.4309,5.5000,0.2376,0,1,1,1
RB-NQ_gpt_3105345941697760419_P-Ambiguity_LOW_b8660327_2804,3105345941697760419,P-Ambiguity,LOW,0,2,-5.5092,-0.1250,0.8406,0,0,1,1
RB-NQ_gpt_3105345941697760419_P-FalsePremise_MEDIUM_b57fbd0c_2812,3105345941697760419,P-FalsePremise,MEDIUM,1,2,6.0294,11.0000,4.5787,1,1,1,1
RB-NQ_gpt_3105345941697760419_P-EpistemicMismatch_LOW_16e69add_2815,3105345941697760419,P-EpistemicMismatch,LOW,0,2,-6.5573,-7.1250,0.0573,0,0,0,0
RB-NQ_deepseek_1626619710468103467_P-Contradiction_LOW_c6bb7a5c_1604,1626619710468103467,P-Contradiction,LOW,0,2,-7.7670,-8.5000,-0.5731,0,0,0,0
RB-NQ_deepseek_-8377790186896289772_P-Contradiction_LOW_1c1bc574_1543,-8377790186896289772,P-Contradiction,LOW,0,2,-5.9035,-6.0000,-0.5081,0,0,0,0
RB-NQ_nova_5482109430613356344_P-Ambiguity_LOW_ddbe5782_4452,5482109430613356344,P-Ambiguity,LOW,0,1,-4.5622,-10.7500,-1.5040,0,0,0,0
RB-NQ_claude_5482109430613356344_P-EpistemicMismatch_LOW_c54d8014_1198,5482109430613356344,P-EpistemicMismatch,LOW,0,1,-5.3709,-13.6250,-2.3985,0,0,0,0
RB-NQ_deepseek_2125482171201889012_P-MissingInfo_HIGH_ef02bdf7_2082,2125482171201889012,P-MissingInfo,HIGH,1,0,0.4832,1.5000,2.6418,1,1,1,1
RB-NQ_claude_-3170493396531530980_P-MissingInfo_LOW_ab95e851_0913,-3170493396531530980,P-MissingInfo,LOW,0,4,-4.0490,-10.0000,-1.5802,0,0,0,0
RB-NQ_gpt_199896377614951764_P-Contradiction_LOW_055144c1_2354,199896377614951764,P-Contradiction,LOW,0,1,-5.7476,-1.5000,-0.2222,0,0,1,0
RB-NQ_claude_5482109430613356344_P-GranularityMismatch_MEDIUM_a8510e3d_1196,5482109430613356344,P-GranularityMismatch,MEDIUM,1,1,5.9801,4.7500,2.0074,1,1,1,1
RB-NQ_claude_-3420681886890852721_P-Ambiguity_LOW_0b0a6037_0981,-3420681886890852721,P-Ambiguity,LOW,0,1,-2.0217,0.3750,-0.1517,0,1,1,0
RB-NQ_gpt_-3170493396531530980_P-MissingInfo_MEDIUM_0c079b32_3133,-3170493396531530980,P-MissingInfo,MEDIUM,1,4,-3.1971,-8.1250,-1.1967,0,0,0,0
RB-NQ_claude_5482109430613356344_P-Ambiguity_HIGH_9966d3ed_1186,5482109430613356344,P-Ambiguity,HIGH,1,1,0.1524,-3.1250,0.0588,1,1,1,0
RB-NQ_claude_-4199405438415986663_P-Ambiguity_MEDIUM_8f35a931_1328,-4199405438415986663,P-Ambiguity,MEDIUM,1,2,-4.7722,1.0000,2.5438,0,0,1,1
RB-NQ_claude_5173446072294307095_P-Ambiguity_MEDIUM_4529418d_0787,5173446072294307095,P-Ambiguity,MEDIUM,1,1,-1.7933,-2.5000,3.9677,0,1,1,1
RB-NQ_deepseek_6243386362552941358_P-Ambiguity_HIGH_d77acdec_2048,6243386362552941358,P-Ambiguity,HIGH,1,2,-6.3338,-3.6250,1.4257,0,0,0,1
RB-NQ_nova_-3170493396531530980_P-MissingInfo_HIGH_56fd0096_4246,-3170493396531530980,P-MissingInfo,HIGH,1,4,-3.3988,-8.6250,-1.2100,0,0,0,0
RB-NQ_deepseek_-3420681886890852721_P-Contradiction_MEDIUM_5fe5d702_1987,-3420681886890852721,P-Contradiction,MEDIUM,1,1,-7.4072,-3.3750,0.0322,0,0,1,0
RB-NQ_claude_2125482171201889012_P-MissingInfo_MEDIUM_4c5a5484_1122,2125482171201889012,P-MissingInfo,MEDIUM,1,0,0.3577,2.2500,2.0181,1,1,1,1
RB-NQ_gpt_2125482171201889012_P-MissingInfo_MEDIUM_9bb964ce_3339,2125482171201889012,P-MissingInfo,MEDIUM,1,0,0.3577,2.2500,2.0181,1,1,1,1
RB-NQ_claude_199896377614951764_P-Ambiguity_HIGH_76980941_0112,199896377614951764,P-Ambiguity,HIGH,1,1,-1.1715,4.8750,0.4165,0,1,1,1
RB-NQ_nova_199896377614951764_P-Contradiction_HIGH_51d85822_3650,199896377614951764,P-Contradiction,HIGH,1,1,-2.4349,5.0000,1.7296,0,1,1,1
RB-NQ_nova_8299743299185740312_P-Contradiction_LOW_19d0af5c_3898,8299743299185740312,P-Contradiction,LOW,0,1,-6.9468,-8.2500,-1.9906,0,0,0,0
RB-NQ_deepseek_8299743299185740312_P-FalsePremise_LOW_ae6c90bd_1660,8299743299185740312,P-FalsePremise,LOW,0,1,-5.9914,-9.3750,-2.4703,0,0,0,0
RB-NQ_gpt_6243386362552941358_P-Ambiguity_MEDIUM_76631a20_3294,6243386362552941358,P-Ambiguity,MEDIUM,1,2,-5.1609,-3.6250,0.8750,0,0,0,1
RB-NQ_gpt_8299743299185740312_P-FalsePremise_LOW_04970b8b_2688,8299743299185740312,P-FalsePremise,LOW,0,1,-0.8595,-4.0000,-1.9156,0,1,0,0
RB-NQ_claude_8299743299185740312_P-EpistemicMismatch_HIGH_2eb9abd9_0467,8299743299185740312,P-EpistemicMismatch,HIGH,1,1,-1.1677,-2.0000,1.0633,0,1,1,1
RB-NQ_claude_8299743299185740312_P-FalsePremise_LOW_a1dd30b8_0461,8299743299185740312,P-FalsePremise,LOW,0,1,-4.5218,-10.3750,-1.6486,0,0,0,0
RB-NQ_deepseek_-3170493396531530980_P-MissingInfo_LOW_a90b19c4_1947,-3170493396531530980,P-MissingInfo,LOW,0,4,-5.1935,-11.1250,-1.5738,0,0,0,0
RB-NQ_deepseek_-3420681886890852721_P-Contradiction_LOW_83848500_1986,-3420681886890852721,P-Contradiction,LOW,0,1,-2.6516,-0.5000,-0.2853,0,0,1,0
RB-NQ_gpt_3370121445039290406_P-Contradiction_HIGH_c19873c8_3436,3370121445039290406,P-Contradiction,HIGH,1,1,-4.2252,-3.7500,0.4515,0,0,1,1
RB-NQ_gpt_8299743299185740312_P-MissingInfo_LOW_a5e984ae_2686,8299743299185740312,P-MissingInfo,LOW,0,1,-5.1964,-9.0000,-1.9842,0,0,0,0
RB-NQ_claude_-4199405438415986663_P-Contradiction_HIGH_509d0aca_1331,-4199405438415986663,P-Contradiction,HIGH,1,2,-6.0107,-2.5000,0.9055,0,0,1,1
RB-NQ_nova_3105345941697760419_P-MissingInfo_LOW_3fb2139d_3990,3105345941697760419,P-MissingInfo,LOW,0,2,-7.8251,-8.1250,-0.4475,0,0,0,0
RB-NQ_claude_8299743299185740312_P-MissingInfo_HIGH_db13dff2_0460,8299743299185740312,P-MissingInfo,HIGH,1,1,-5.3348,-9.0000,-0.9117,0,0,0,0
RB-NQ_gpt_8624898251093284247_P-GranularityMismatch_MEDIUM_34033136_3056,8624898251093284247,P-GranularityMismatch,MEDIUM,1,1,5.9259,10.2500,2.5905,1,1,1,1
RB-NQ_nova_-3933162766009466595_P-MissingInfo_MEDIUM_ee87a296_4113,-3933162766009466595,P-MissingInfo,MEDIUM,1,3,-5.7635,-8.0000,-2.0176,0,0,0,0
RB-NQ_claude_-8359866474144720253_P-Contradiction_LOW_3bf44df4_0074,-8359866474144720253,P-Contradiction,LOW,0,2,-2.9444,-2.6250,0.2515,0,0,1,0
RB-NQ_gpt_3105345941697760419_P-MissingInfo_LOW_9b3c2f41_2808,3105345941697760419,P-MissingInfo,LOW,0,2,-7.5701,-7.3750,-0.3215,0,0,0,0
RB-NQ_claude_8299743299185740312_P-Contradiction_LOW_9f252d9c_0456,8299743299185740312,P-Contradiction,LOW,0,1,-7.3674,-11.1250,-2.0252,0,0,0,0
RB-NQ_claude_-4199405438415986663_P-Contradiction_LOW_92dc5ac2_1329,-4199405438415986663,P-Contradiction,LOW,0,2,-5.6472,-6.3750,-0.7174,0,0,0,0
RB-NQ_deepseek_3105345941697760419_P-MissingInfo_MEDIUM_d1479b4c_1738,3105345941697760419,P-MissingInfo,MEDIUM,1,2,-4.2918,-4.7500,0.1084,0,0,0,0
RB-NQ_claude_6243386362552941358_P-EpistemicMismatch_LOW_189bc824_1090,6243386362552941358,P-EpistemicMismatch,LOW,0,2,-2.6542,-0.2500,1.3287,0,0,1,1
RB-NQ_claude_6243386362552941358_P-EpistemicMismatch_MEDIUM_bbf9df8d_1091,6243386362552941358,P-EpistemicMismatch,MEDIUM,1,2,-2.9082,-3.5000,1.9993,0,0,0,1
RB-NQ_claude_6243386362552941358_P-FalsePremise_HIGH_879a9aee_1086,6243386362552941358,P-FalsePremise,HIGH,1,2,-5.8677,-6.5000,-0.0653,0,0,0,0
RB-NQ_claude_6243386362552941358_P-FalsePremise_LOW_8b5ca85b_1085,6243386362552941358,P-FalsePremise,LOW,0,2,-1.5605,-0.6250,1.2174,0,0,1,1
RB-NQ_claude_6243386362552941358_P-GranularityMismatch_LOW_fa60735f_1087,6243386362552941358,P-GranularityMismatch,LOW,0,2,-6.6658,-5.6250,0.5111,0,0,0,0
RB-NQ_deepseek_6243386362552941358_P-EpistemicMismatch_HIGH_f83d3f9d_2058,6243386362552941358,P-EpistemicMismatch,HIGH,1,2,-5.3491,-2.6250,1.4214,0,0,1,1
RB-NQ_deepseek_6243386362552941358_P-EpistemicMismatch_LOW_3da18370_2056,6243386362552941358,P-EpistemicMismatch,LOW,0,2,-5.7661,-5.0000,0.1440,0,0,0,0
RB-NQ_deepseek_6243386362552941358_P-FalsePremise_HIGH_a95f825f_2054,6243386362552941358,P-FalsePremise,HIGH,1,2,-4.0596,-3.7500,1.0983,0,0,0,1
RB-NQ_deepseek_6243386362552941358_P-FalsePremise_MEDIUM_3798d728_2053,6243386362552941358,P-FalsePremise,MEDIUM,1,2,-2.9354,-3.7500,0.8179,0,0,0,1
RB-NQ_deepseek_6243386362552941358_P-GranularityMismatch_LOW_0182cf22_2055,6243386362552941358,P-GranularityMismatch,LOW,0,2,-3.9747,-3.6250,0.6308,0,0,0,1
RB-NQ_gpt_6243386362552941358_P-EpistemicMismatch_HIGH_2d3808b1_3307,6243386362552941358,P-EpistemicMismatch,HIGH,1,2,-1.8317,-2.6250,1.3834,0,0,1,1
RB-NQ_gpt_6243386362552941358_P-EpistemicMismatch_LOW_747b8afe_3305,6243386362552941358,P-EpistemicMismatch,LOW,0,2,-6.6911,-4.7500,0.6018,0,0,0,1
RB-NQ_gpt_6243386362552941358_P-GranularityMismatch_LOW_7776759c_3303,6243386362552941358,P-GranularityMismatch,LOW,0,2,-7.2020,-9.8750,-0.3028,0,0,0,0
RB-NQ_nova_6243386362552941358_P-FalsePremise_HIGH_0c2ee84b_4371,6243386362552941358,P-FalsePremise,HIGH,1,2,-4.7198,-2.1250,1.4691,0,0,1,1
RB-NQ_nova_6243386362552941358_P-GranularityMismatch_LOW_0b04e079_4372,6243386362552941358,P-GranularityMismatch,LOW,0,2,-5.2902,-2.1250,1.1217,0,0,1,1
RB-NQ_deepseek_1626619710468103467_P-FalsePremise_HIGH_d11ba174_1610,1626619710468103467,P-FalsePremise,HIGH,1,2,-5.4347,-7.6250,0.2694,0,0,0,0
RB-NQ_nova_1626619710468103467_P-Ambiguity_LOW_149b635d_3833,1626619710468103467,P-Ambiguity,LOW,0,2,-7.6857,-8.3750,-0.2114,0,0,0,0
RB-NQ_nova_1626619710468103467_P-EpistemicMismatch_HIGH_d69e1156_3844,1626619710468103467,P-EpistemicMismatch,HIGH,1,2,-2.1758,-2.0000,3.5730,0,0,1,1
RB-NQ_deepseek_6243386362552941358_P-Contradiction_LOW_3f24af46_2049,6243386362552941358,P-Contradiction,LOW,0,2,-5.0417,-3.6250,0.7470,0,0,0,1
RB-NQ_deepseek_1626619710468103467_P-EpistemicMismatch_LOW_d90f3ee0_1612,1626619710468103467,P-EpistemicMismatch,LOW,0,2,-5.6401,-8.2500,-0.5972,0,0,0,0
RB-NQ_gpt_1626619710468103467_P-GranularityMismatch_HIGH_1c48c01e_2607,1626619710468103467,P-GranularityMismatch,HIGH,1,2,-9.7704,-10.3750,-0.1380,0,0,0,0
RB-NQ_nova_8624898251093284247_P-Ambiguity_MEDIUM_dcc44d70_4182,8624898251093284247,P-Ambiguity,MEDIUM,1,1,-2.6719,-6.0000,-1.1688,0,0,0,0
RB-NQ_claude_8816667823188176068_P-Ambiguity_LOW_a87697d9_1260,8816667823188176068,P-Ambiguity,LOW,0,1,-3.6787,-4.3750,2.1193,0,0,0,1
RB-NQ_claude_8816667823188176068_P-EpistemicMismatch_HIGH_7ff6c00b_1274,8816667823188176068,P-EpistemicMismatch,HIGH,1,1,-1.0838,0.0000,3.9071,0,1,1,1
RB-NQ_claude_8816667823188176068_P-FalsePremise_HIGH_bd6603c0_1269,8816667823188176068,P-FalsePremise,HIGH,1,1,-2.6644,-2.7500,1.5970,0,0,1,1
RB-NQ_claude_8816667823188176068_P-FalsePremise_MEDIUM_2024d649_1268,8816667823188176068,P-FalsePremise,MEDIUM,1,1,-3.7539,-3.2500,0.5959,0,0,1,1
RB-NQ_deepseek_8816667823188176068_P-EpistemicMismatch_MEDIUM_f5328135_2175,8816667823188176068,P-EpistemicMismatch,MEDIUM,1,1,-2.2882,-3.8750,0.9034,0,1,0,1
RB-NQ_gpt_8816667823188176068_P-FalsePremise_LOW_02fef2db_3465,8816667823188176068,P-FalsePremise,LOW,0,1,-2.1529,-0.8750,1.6900,0,1,1,1
RB-NQ_nova_8816667823188176068_P-EpistemicMismatch_MEDIUM_d220f535_4511,8816667823188176068,P-EpistemicMismatch,MEDIUM,1,1,-3.7518,-2.8750,2.6666,0,0,1,1
RB-NQ_claude_-3908725222525421557_P-EpistemicMismatch_LOW_49ff958e_0683,-3908725222525421557,P-EpistemicMismatch,LOW,0,4,-4.1437,-10.1250,2.1784,0,0,0,1
RB-NQ_claude_-3908725222525421557_P-FalsePremise_MEDIUM_329082f9_0679,-3908725222525421557,P-FalsePremise,MEDIUM,1,4,-3.4570,-6.7500,1.2248,0,0,0,1
RB-NQ_deepseek_8816667823188176068_P-FalsePremise_MEDIUM_7bf1b1b8_2173,8816667823188176068,P-FalsePremise,MEDIUM,1,1,-4.5425,-2.5000,1.8505,0,0,1,1
RB-NQ_gpt_-3908725222525421557_P-FalsePremise_MEDIUM_5fb517bf_2906,-3908725222525421557,P-FalsePremise,MEDIUM,1,4,1.0913,-0.8750,7.3218,1,1,1,1
RB-NQ_nova_-3908725222525421557_P-EpistemicMismatch_HIGH_bfdd6a21_4085,-3908725222525421557,P-EpistemicMismatch,HIGH,1,4,2.8146,4.3750,5.7400,1,1,1,1
RB-NQ_nova_-3908725222525421557_P-FalsePremise_HIGH_6d236b49_4081,-3908725222525421557,P-FalsePremise,HIGH,1,4,3.3534,6.1250,8.2995,1,1,1,1
RB-NQ_nova_-3908725222525421557_P-FalsePremise_MEDIUM_49be6023_4080,-3908725222525421557,P-FalsePremise,MEDIUM,1,4,-1.1645,-2.3750,4.0081,0,1,1,1
RB-NQ_nova_-3908725222525421557_P-GranularityMismatch_HIGH_19ff16c4_4083,-3908725222525421557,P-GranularityMismatch,HIGH,1,4,5.8434,7.8750,7.3433,1,1,1,1
RB-NQ_deepseek_8816667823188176068_P-FalsePremise_HIGH_2f7c4b89_2174,8816667823188176068,P-FalsePremise,HIGH,1,1,1.7441,3.5000,2.6194,1,1,1,1
RB-NQ_nova_-8359866474144720253_P-Ambiguity_LOW_6ad049ff_3616,-8359866474144720253,P-Ambiguity,LOW,0,2,-3.2942,-3.6250,0.1834,0,0,0,0
RB-NQ_claude_-8377790186896289772_P-EpistemicMismatch_HIGH_bf1c6aa4_0278,-8377790186896289772,P-EpistemicMismatch,HIGH,1,2,1.2019,-1.6250,2.4917,1,1,1,1
RB-NQ_claude_-8377790186896289772_P-FalsePremise_LOW_55341ed4_0274,-8377790186896289772,P-FalsePremise,LOW,0,2,-2.1551,-4.1250,-0.3392,0,0,0,0
RB-NQ_gpt_-3908725222525421557_P-Ambiguity_LOW_8cb7e34b_2901,-3908725222525421557,P-Ambiguity,LOW,0,4,-5.8557,-8.7500,1.6040,0,0,0,1
RB-NQ_gpt_-3908725222525421557_P-EpistemicMismatch_LOW_cd3b4e2d_2911,-3908725222525421557,P-EpistemicMismatch,LOW,0,4,-6.8828,-9.2500,0.1704,0,0,0,0
RB-NQ_gpt_-3908725222525421557_P-GranularityMismatch_LOW_d05dc309_2908,-3908725222525421557,P-GranularityMismatch,LOW,0,4,-5.5490,-8.2500,2.1310,0,0,0,1
RB-NQ_gpt_-8377790186896289772_P-FalsePremise_MEDIUM_52d41b68_2508,-8377790186896289772,P-FalsePremise,MEDIUM,1,2,-1.0598,-2.0000,1.2960,0,1,1,1
RB-NQ_nova_-8377790186896289772_P-FalsePremise_MEDIUM_9f14a263_3770,-8377790186896289772,P-FalsePremise,MEDIUM,1,2,-3.2809,-4.7500,-0.2778,0,0,0,0
RB-NQ_deepseek_-8377790186896289772_P-EpistemicMismatch_HIGH_ac12e6d9_1551,-8377790186896289772,P-EpistemicMismatch,HIGH,1,2,-1.3350,1.1250,1.9108,0,0,1,1
RB-NQ_deepseek_199896377614951764_P-FalsePremise_LOW_52301f06_1443,199896377614951764,P-FalsePremise,LOW,0,1,-3.6747,-3.8750,-0.6468,0,0,0,0
RB-NQ_gpt_-8377790186896289772_P-EpistemicMismatch_LOW_8b3372fe_2512,-8377790186896289772,P-EpistemicMismatch,LOW,0,2,-5.9338,-8.1250,-0.5142,0,0,0,0
RB-NQ_gpt_-8377790186896289772_P-GranularityMismatch_HIGH_9baf5f88_2511,-8377790186896289772,P-GranularityMismatch,HIGH,1,2,2.7816,5.0000,2.0128,1,1,1,1
RB-NQ_gpt_-8377790186896289772_P-GranularityMismatch_MEDIUM_777343a2_2510,-8377790186896289772,P-GranularityMismatch,MEDIUM,1,2,-3.5966,-8.3750,0.6222,0,0,0,1
RB-NQ_gpt_199896377614951764_P-FalsePremise_LOW_34a9d4e7_2358,199896377614951764,P-FalsePremise,LOW,0,1,1.5617,0.5000,-0.7842,1,1,1,0
RB-NQ_claude_199896377614951764_P-FalsePremise_HIGH_3a853826_0119,199896377614951764,P-FalsePremise,HIGH,1,1,2.8279,3.7500,1.6865,1,1,1,1
RB-NQ_claude_199896377614951764_P-FalsePremise_LOW_0bd43d0c_0118,199896377614951764,P-FalsePremise,LOW,0,1,-3.3224,-3.1250,-0.9497,0,0,1,0
RB-NQ_deepseek_199896377614951764_P-EpistemicMismatch_MEDIUM_426c8534_1446,199896377614951764,P-EpistemicMismatch,MEDIUM,1,1,-1.8711,-1.7500,1.7223,0,1,1,1
RB-NQ_deepseek_199896377614951764_P-GranularityMismatch_LOW_5c471a6c_1445,199896377614951764,P-GranularityMismatch,LOW,0,1,-3.4362,-3.1250,0.1365,0,0,1,0
RB-NQ_claude_199896377614951764_P-Ambiguity_MEDIUM_bea2e694_0111,199896377614951764,P-Ambiguity,MEDIUM,1,1,-3.4086,-5.6250,-0.4253,0,0,0,0
RB-NQ_deepseek_3581703127157842174_P-Contradiction_MEDIUM_150f8e27_1708,3581703127157842174,P-Contradiction,MEDIUM,1,3,-7.0164,-11.1250,-2.5466,0,0,0,0
RB-NQ_gpt_-8359866474144720253_P-Contradiction_HIGH_8c7d17f6_2318,-8359866474144720253,P-Contradiction,HIGH,1,2,-2.1796,-1.7500,0.2781,0,0,1,0
RB-NQ_gpt_3370121445039290406_P-Ambiguity_HIGH_94320579_3433,3370121445039290406,P-Ambiguity,HIGH,1,1,-2.2494,2.2500,1.3870,0,1,1,1
RB-NQ_deepseek_-2522076069840987893_P-Contradiction_MEDIUM_2ad14577_1890,-2522076069840987893,P-Contradiction,MEDIUM,1,4,-3.3762,1.1250,1.6069,0,0,1,1
RB-NQ_nova_3581703127157842174_P-Contradiction_MEDIUM_0b5ce136_3957,3581703127157842174,P-Contradiction,MEDIUM,1,3,-6.1991,-7.1250,-0.4711,0,0,0,0
RB-NQ_claude_3581703127157842174_P-Contradiction_MEDIUM_7ece2280_0537,3581703127157842174,P-Contradiction,MEDIUM,1,3,-7.7602,-10.5000,-1.4707,0,0,0,0
RB-NQ_claude_5173446072294307095_P-MissingInfo_HIGH_47388ffd_0794,5173446072294307095,P-MissingInfo,HIGH,1,1,0.9271,-0.5000,4.6882,1,1,1,1
RB-NQ_claude_-8377790186896289772_P-MissingInfo_LOW_d0219f09_0271,-8377790186896289772,P-MissingInfo,LOW,0,2,-6.1548,-7.0000,-0.8139,0,0,0,0
RB-NQ_claude_3581703127157842174_P-Contradiction_LOW_65bd3e54_0536,3581703127157842174,P-Contradiction,LOW,0,3,-7.2710,-9.6250,-1.3941,0,0,0,0
RB-NQ_nova_-3803697286581502044_P-Contradiction_MEDIUM_bdaaed8f_4337,-3803697286581502044,P-Contradiction,MEDIUM,1,0,-4.3402,-4.0000,-0.1077,0,0,0,0
RB-NQ_claude_-5083423407995797659_P-Contradiction_MEDIUM_80c95c65_0804,-5083423407995797659,P-Contradiction,MEDIUM,1,4,-5.7441,-5.1250,6.4122,0,0,0,1
RB-NQ_claude_-3420681886890852721_P-MissingInfo_HIGH_18c0b096_0989,-3420681886890852721,P-MissingInfo,HIGH,1,1,-0.9965,0.1250,2.0684,0,1,1,1
RB-NQ_gpt_8299743299185740312_P-GranularityMismatch_HIGH_b3644190_2693,8299743299185740312,P-GranularityMismatch,HIGH,1,1,-4.7758,-8.1250,1.0585,0,0,0,1
RB-NQ_claude_5482109430613356344_P-EpistemicMismatch_HIGH_5379a41b_1200,5482109430613356344,P-EpistemicMismatch,HIGH,1,1,6.3574,10.7500,3.1328,1,1,1,1
RB-NQ_claude_5482109430613356344_P-FalsePremise_LOW_907389d2_1192,5482109430613356344,P-FalsePremise,LOW,0,1,2.9179,0.3750,-1.2692,1,1,1,0
RB-NQ_gpt_5482109430613356344_P-EpistemicMismatch_LOW_c639fe82_3408,5482109430613356344,P-EpistemicMismatch,LOW,0,1,-3.7697,-6.8750,-3.2109,0,0,0,0
RB-NQ_nova_5482109430613356344_P-EpistemicMismatch_MEDIUM_0d898b59_4459,5482109430613356344,P-EpistemicMismatch,MEDIUM,1,1,-0.2841,-3.1250,1.9231,0,1,1,1
RB-NQ_nova_5482109430613356344_P-FalsePremise_MEDIUM_ac4da82d_4456,5482109430613356344,P-FalsePremise,MEDIUM,1,1,-0.7129,-5.8750,-0.9395,0,1,0,0
RB-NQ_nova_5482109430613356344_P-GranularityMismatch_HIGH_52821a0f_4458,5482109430613356344,P-GranularityMismatch,HIGH,1,1,6.4295,10.0000,4.4580,1,1,1,1
RB-NQ_claude_5173446072294307095_P-EpistemicMismatch_HIGH_5bdf4c71_0801,5173446072294307095,P-EpistemicMismatch,HIGH,1,1,0.6565,-1.1250,3.1575,1,1,1,1
RB-NQ_deepseek_5173446072294307095_P-GranularityMismatch_MEDIUM_0e00f548_1878,5173446072294307095,P-GranularityMismatch,MEDIUM,1,1,0.3009,-3.3750,-0.3602,1,1,1,0
RB-NQ_deepseek_5482109430613356344_P-Ambiguity_LOW_fa271bd9_2124,5482109430613356344,P-Ambiguity,LOW,0,1,1.3694,-1.8750,-1.8512,1,1,1,0
RB-NQ_deepseek_5482109430613356344_P-EpistemicMismatch_MEDIUM_f12c8054_2132,5482109430613356344,P-EpistemicMismatch,MEDIUM,1,1,2.5630,-0.1250,4.8617,1,1,1,1
RB-NQ_deepseek_5482109430613356344_P-GranularityMismatch_MEDIUM_3327e0b4_2131,5482109430613356344,P-GranularityMismatch,MEDIUM,1,1,-0.0301,-1.6250,1.4392,0,1,1,1
RB-NQ_gpt_5173446072294307095_P-FalsePremise_MEDIUM_910f755f_3016,5173446072294307095,P-FalsePremise,MEDIUM,1,1,2.2906,-1.0000,3.8668,1,1,1,1
RB-NQ_nova_5173446072294307095_P-EpistemicMismatch_MEDIUM_e41f751c_4158,5173446072294307095,P-EpistemicMismatch,MEDIUM,1,1,0.9045,0.1250,4.2094,1,1,1,1
RB-NQ_nova_5173446072294307095_P-FalsePremise_HIGH_6c10ca4c_4157,5173446072294307095,P-FalsePremise,HIGH,1,1,5.5459,5.0000,5.2346,1,1,1,1
RB-NQ_claude_8624898251093284247_P-EpistemicMismatch_MEDIUM_7c44d4ff_0842,8624898251093284247,P-EpistemicMismatch,MEDIUM,1,1,1.7275,-0.8750,4.6461,1,1,1,1
RB-NQ_deepseek_-3420681886890852721_P-FalsePremise_HIGH_cfd8d700_1993,-3420681886890852721,P-FalsePremise,HIGH,1,1,-0.5913,4.6250,2.4070,0,1,1,1
RB-NQ_deepseek_8624898251093284247_P-EpistemicMismatch_LOW_85eebded_1903,8624898251093284247,P-EpistemicMismatch,LOW,0,1,-5.2198,-9.1250,-2.7636,0,0,0,0
RB-NQ_gpt_5173446072294307095_P-Ambiguity_LOW_9e65dda1_3009,5173446072294307095,P-Ambiguity,LOW,0,1,-2.0170,-3.2500,3.0543,0,1,1,1
RB-NQ_gpt_5173446072294307095_P-GranularityMismatch_LOW_7ab2b566_3018,5173446072294307095,P-GranularityMismatch,LOW,0,1,-4.0845,-2.0000,2.6545,0,0,1,1
RB-NQ_gpt_8624898251093284247_P-EpistemicMismatch_HIGH_961b5d7e_3060,8624898251093284247,P-EpistemicMismatch,HIGH,1,1,0.0630,-6.2500,2.9517,1,1,0,1
RB-NQ_gpt_8624898251093284247_P-EpistemicMismatch_MEDIUM_aacf005a_3059,8624898251093284247,P-EpistemicMismatch,MEDIUM,1,1,-0.8644,-2.7500,2.5180,0,1,1,1
RB-NQ_gpt_8624898251093284247_P-GranularityMismatch_LOW_655c4341_3055,8624898251093284247,P-GranularityMismatch,LOW,0,1,-3.6881,-8.0000,-1.6437,0,0,0,0
RB-NQ_nova_8624898251093284247_P-Ambiguity_LOW_e9a9bd27_4181,8624898251093284247,P-Ambiguity,LOW,0,1,-4.2660,-7.8750,-1.6919,0,0,0,0
RB-NQ_nova_8624898251093284247_P-FalsePremise_HIGH_145e4779_4188,8624898251093284247,P-FalsePremise,HIGH,1,1,2.7429,5.1250,1.1559,1,1,1,1
RB-NQ_nova_8624898251093284247_P-FalsePremise_MEDIUM_1935b922_4187,8624898251093284247,P-FalsePremise,MEDIUM,1,1,0.4843,0.7500,0.4550,1,1,1,1
RB-NQ_deepseek_-3420681886890852721_P-FalsePremise_MEDIUM_f4e8700e_1992,-3420681886890852721,P-FalsePremise,MEDIUM,1,1,-0.0560,0.7500,0.6764,0,1,1,1
RB-NQ_deepseek_-3420681886890852721_P-GranularityMismatch_MEDIUM_c8a666b7_1994,-3420681886890852721,P-GranularityMismatch,MEDIUM,1,1,1.2753,4.6250,1.8792,1,1,1,1
RB-NQ_gpt_-3420681886890852721_P-FalsePremise_HIGH_67955082_3203,-3420681886890852721,P-FalsePremise,HIGH,1,1,5.0625,7.6250,4.2040,1,1,1,1
RB-NQ_nova_3370121445039290406_P-GranularityMismatch_HIGH_b56fd931_4490,3370121445039290406,P-GranularityMismatch,HIGH,1,1,6.6420,11.1250,5.6843,1,1,1,1
RB-NQ_claude_5482109430613356344_P-Ambiguity_MEDIUM_21b1e261_1185,5482109430613356344,P-Ambiguity,MEDIUM,1,1,0.0163,-4.1250,-1.6066,1,1,0,0
RB-NQ_deepseek_5482109430613356344_P-MissingInfo_HIGH_6e184539_2128,5482109430613356344,P-MissingInfo,HIGH,1,1,-0.5801,-5.1250,-1.4230,0,1,0,0
RB-NQ_nova_-2522076069840987893_P-Contradiction_MEDIUM_0cac9b5e_4173,-2522076069840987893,P-Contradiction,MEDIUM,1,4,-5.9770,0.5000,2.4153,0,0,1,1
RB-NQ_deepseek_8299743299185740312_P-Ambiguity_HIGH_3d08194d_1658,8299743299185740312,P-Ambiguity,HIGH,1,1,-4.3297,-8.7500,-1.6778,0,0,0,0
RB-NQ_claude_-2382302837416986186_P-Ambiguity_HIGH_0dbd6c95_0483,-2382302837416986186,P-Ambiguity,HIGH,1,0,0.0634,-4.7500,2.0184,1,1,0,1
RB-NQ_claude_2125482171201889012_P-MissingInfo_HIGH_03e60e59_1123,2125482171201889012,P-MissingInfo,HIGH,1,0,-1.2551,-1.5000,0.7597,0,1,1,1
RB-NQ_claude_-3933162766009466595_P-MissingInfo_LOW_e7a3314f_0722,-3933162766009466595,P-MissingInfo,LOW,0,3,-5.1427,-6.5000,-1.2292,0,0,0,0
RB-NQ_claude_6243386362552941358_P-MissingInfo_HIGH_fec5e4ad_1084,6243386362552941358,P-MissingInfo,HIGH,1,2,-5.7223,-4.5000,0.4988,0,0,0,0
RB-NQ_claude_3581703127157842174_P-Ambiguity_MEDIUM_6cf78a17_0535,3581703127157842174,P-Ambiguity,MEDIUM,1,3,-3.1416,-5.0000,-0.7764,0,0,0,0
RB-NQ_claude_7808442793714993461_P-GranularityMismatch_MEDIUM_55b8d922_0437,7808442793714993461,P-GranularityMismatch,MEDIUM,1,0,-2.6582,-7.2500,-0.1687,0,0,0,0
RB-NQ_claude_-3908725222525421557_P-MissingInfo_MEDIUM_1a32abb3_0676,-3908725222525421557,P-MissingInfo,MEDIUM,1,4,-5.6038,-11.2500,0.5723,0,0,0,1
RB-NQ_deepseek_3370121445039290406_P-Contradiction_MEDIUM_bcf780b4_2152,3370121445039290406,P-Contradiction,MEDIUM,1,1,-2.9211,2.1250,3.8689,0,0,1,1
RB-NQ_gpt_-4199405438415986663_P-Contradiction_HIGH_7069f7f6_3526,-4199405438415986663,P-Contradiction,HIGH,1,2,-4.1449,4.0000,1.7368,0,0,1,1
RB-NQ_claude_-3803697286581502044_P-Ambiguity_HIGH_8ccec353_1036,-3803697286581502044,P-Ambiguity,HIGH,1,0,0.5546,2.7500,2.6508,1,1,1,1
RB-NQ_claude_8816667823188176068_P-MissingInfo_HIGH_17e1613d_1266,8816667823188176068,P-MissingInfo,HIGH,1,1,-3.7932,-5.7500,1.8948,0,0,0,1
RB-NQ_deepseek_-4199405438415986663_P-Ambiguity_LOW_09782087_2210,-4199405438415986663,P-Ambiguity,LOW,0,2,-6.1894,-9.5000,-1.3224,0,0,0,0
RB-NQ_nova_1626619710468103467_P-MissingInfo_LOW_ae23b16c_3837,1626619710468103467,P-MissingInfo,LOW,0,2,-8.4150,-9.2500,-0.4805,0,0,0,0
RB-NQ_gpt_199896377614951764_P-GranularityMismatch_HIGH_1ca2f1d0_2362,199896377614951764,P-GranularityMismatch,HIGH,1,1,3.9411,6.5000,2.8378,1,1,1,1
RB-NQ_gpt_199896377614951764_P-GranularityMismatch_LOW_d20eb528_2360,199896377614951764,P-GranularityMismatch,LOW,0,1,-4.6228,-3.0000,0.2712,0,0,1,1
RB-NQ_nova_199896377614951764_P-EpistemicMismatch_MEDIUM_20d0239c_3654,199896377614951764,P-EpistemicMismatch,MEDIUM,1,1,-4.9700,-1.6250,1.2390,0,0,1,1
RB-NQ_nova_199896377614951764_P-MissingInfo_LOW_79820cc7_3651,199896377614951764,P-MissingInfo,LOW,0,1,-5.5010,-2.0000,-0.1963,0,0,1,0
RB-NQ_claude_-8359866474144720253_P-FalsePremise_LOW_5396289e_0080,-8359866474144720253,P-FalsePremise,LOW,0,2,-1.1712,-2.3750,0.3658,0,1,1,0
RB-NQ_claude_-8359866474144720253_P-GranularityMismatch_HIGH_2f997285_0083,-8359866474144720253,P-GranularityMismatch,HIGH,1,2,2.1639,8.0000,3.7142,1,1,1,1
RB-NQ_claude_-8359866474144720253_P-GranularityMismatch_LOW_89f039d0_0081,-8359866474144720253,P-GranularityMismatch,LOW,0,2,-3.0746,-4.2500,-0.4448,0,0,0,0
RB-NQ_deepseek_-8359866474144720253_P-EpistemicMismatch_LOW_83db532e_1425,-8359866474144720253,P-EpistemicMismatch,LOW,0,2,-3.4902,0.0000,0.0915,0,0,1,0
RB-NQ_nova_-8359866474144720253_P-EpistemicMismatch_LOW_0c52b999_3622,-8359866474144720253,P-EpistemicMismatch,LOW,0,2,-3.8573,-4.3750,-0.1579,0,0,0,0
RB-NQ_nova_-8359866474144720253_P-EpistemicMismatch_MEDIUM_646fd291_3623,-8359866474144720253,P-EpistemicMismatch,MEDIUM,1,2,-2.5568,-3.2500,0.4195,0,0,0,0
RB-NQ_nova_-8359866474144720253_P-GranularityMismatch_LOW_9458bd7e_3620,-8359866474144720253,P-GranularityMismatch,LOW,0,2,-3.3074,-8.2500,-1.3646,0,0,0,0
RB-NQ_claude_8816667823188176068_P-MissingInfo_MEDIUM_1d1bd892_1265,8816667823188176068,P-MissingInfo,MEDIUM,1,1,-3.9139,-5.8750,2.1569,0,0,0,1
RB-NQ_deepseek_-8359866474144720253_P-EpistemicMismatch_HIGH_f3c6643a_1427,-8359866474144720253,P-EpistemicMismatch,HIGH,1,2,-1.2789,-0.8750,2.2634,0,1,1,1
RB-NQ_gpt_-8359866474144720253_P-GranularityMismatch_MEDIUM_985e217f_2323,-8359866474144720253,P-GranularityMismatch,MEDIUM,1,2,-1.3241,-3.7500,1.1584,0,0,0,1
RB-NQ_claude_-3170493396531530980_P-Ambiguity_MEDIUM_32a8d10b_0909,-3170493396531530980,P-Ambiguity,MEDIUM,1,4,-4.7857,5.0000,5.4952,0,0,1,1
RB-NQ_claude_-3803697286581502044_P-Contradiction_LOW_a9a0ac0a_1037,-3803697286581502044,P-Contradiction,LOW,0,0,-5.5448,-8.6250,-3.4319,0,0,0,0
RB-NQ_gpt_5533906981191706877_P-Contradiction_HIGH_7126ef62_2258,5533906981191706877,P-Contradiction,HIGH,1,2,-4.6499,-6.7500,0.5948,0,0,0,1
RB-NQ_gpt_4433669964771756966_P-Contradiction_MEDIUM_7f4e112b_3239,4433669964771756966,P-Contradiction,MEDIUM,1,3,-0.8186,1.7500,0.7136,0,1,1,0
RB-NQ_gpt_5533906981191706877_P-Contradiction_MEDIUM_7e0e7099_2257,5533906981191706877,P-Contradiction,MEDIUM,1,2,-3.4114,-1.2500,1.6200,0,0,1,1
RB-NQ_nova_-2522076069840987893_P-Contradiction_HIGH_5a493bd5_4174,-2522076069840987893,P-Contradiction,HIGH,1,4,-5.2272,-3.6250,2.2834,0,0,1,1
RB-NQ_gpt_-5083423407995797659_P-GranularityMismatch_MEDIUM_0c9d66a6_3031,-5083423407995797659,P-GranularityMismatch,MEDIUM,1,4,3.0751,5.6250,6.9571,1,1,1,1
RB-NQ_claude_1122605495295045742_P-Ambiguity_LOW_9d8f0ce2_0209,1122605495295045742,P-Ambiguity,LOW,0,4,-6.2706,-10.5000,-1.8258,0,0,0,0
RB-NQ_claude_-2060506905455252030_P-GranularityMismatch_MEDIUM_449d87b8_0150,-2060506905455252030,P-GranularityMismatch,MEDIUM,1,2,5.7524,10.6250,3.6173,1,1,1,1
RB-NQ_deepseek_3370121445039290406_P-FalsePremise_LOW_d3ff4eb8_2155,3370121445039290406,P-FalsePremise,LOW,0,1,-5.1247,-10.3750,-1.0699,0,0,0,0
RB-NQ_gpt_-3803697286581502044_P-Contradiction_LOW_c00b4c0e_3251,-3803697286581502044,P-Contradiction,LOW,0,0,-6.3164,-8.2500,-2.1339,0,0,0,0
RB-NQ_gpt_3370121445039290406_P-FalsePremise_MEDIUM_229d93c1_3440,3370121445039290406,P-FalsePremise,MEDIUM,1,1,2.0667,-3.1250,3.2333,1,1,1,1
RB-NQ_nova_3370121445039290406_P-MissingInfo_LOW_af6e329b_4487,3370121445039290406,P-MissingInfo,LOW,0,1,-6.5625,-12.0000,-1.1392,0,0,0,0
RB-NQ_gpt_-3803697286581502044_P-Contradiction_HIGH_e0e33754_3252,-3803697286581502044,P-Contradiction,HIGH,1,0,-1.9773,9.1250,-0.0321,0,0,1,0
RB-NQ_deepseek_-4199405438415986663_P-FalsePremise_HIGH_ea3efd7f_2217,-4199405438415986663,P-FalsePremise,HIGH,1,2,0.0581,-1.1250,0.0354,1,1,1,0
RB-NQ_gpt_-2522076069840987893_P-Contradiction_HIGH_e1377bda_3039,-2522076069840987893,P-Contradiction,HIGH,1,4,-2.6638,0.1250,0.9014,0,0,1,1
RB-NQ_claude_-4199405438415986663_P-FalsePremise_MEDIUM_e48551ec_1336,-4199405438415986663,P-FalsePremise,MEDIUM,1,2,-0.4135,-2.1250,0.2660,0,1,1,0
RB-NQ_deepseek_5173446072294307095_P-MissingInfo_LOW_273f88d3_1877,5173446072294307095,P-MissingInfo,LOW,0,1,0.2395,-1.5000,3.3963,1,1,1,1
RB-NQ_gpt_-3420681886890852721_P-EpistemicMismatch_HIGH_b9d989eb_3208,-3420681886890852721,P-EpistemicMismatch,HIGH,1,1,1.2634,2.3750,4.5341,1,1,1,1
RB-NQ_gpt_-3420681886890852721_P-GranularityMismatch_LOW_49b1e64f_3204,-3420681886890852721,P-GranularityMismatch,LOW,0,1,-4.0314,1.2500,1.1073,0,0,1,1
RB-NQ_gpt_-3420681886890852721_P-GranularityMismatch_MEDIUM_ae4a938f_3205,-3420681886890852721,P-GranularityMismatch,MEDIUM,1,1,-0.1782,2.7500,4.1723,0,1,1,1
RB-NQ_claude_2202689210581594515_P-Contradiction_MEDIUM_a892c99b_0297,2202689210581594515,P-Contradiction,MEDIUM,1,3,-1.3737,5.7500,5.8466,0,1,1,1
RB-NQ_claude_2202689210581594515_P-Contradiction_HIGH_ff35de0a_0298,2202689210581594515,P-Contradiction,HIGH,1,3,-4.4412,-6.7500,4.5062,0,0,0,1
RB-NQ_deepseek_-5083423407995797659_P-Ambiguity_MEDIUM_918b9106_1880,-5083423407995797659,P-Ambiguity,MEDIUM,1,4,-1.4385,-1.8750,3.4072,0,1,1,1
RB-NQ_nova_5533906981191706877_P-Contradiction_HIGH_c0a4f46f_3570,5533906981191706877,P-Contradiction,HIGH,1,2,-3.0287,-4.0000,0.3653,0,0,0,0
RB-NQ_nova_5173446072294307095_P-MissingInfo_HIGH_133c52bd_4156,5173446072294307095,P-MissingInfo,HIGH,1,1,2.2791,0.1250,4.3599,1,1,1,1
RB-NQ_deepseek_3370121445039290406_P-MissingInfo_HIGH_afad5621_2154,3370121445039290406,P-MissingInfo,HIGH,1,1,-4.7229,-10.6250,-0.7762,0,0,0,0
RB-NQ_claude_-5083423407995797659_P-Contradiction_LOW_64924eae_0803,-5083423407995797659,P-Contradiction,LOW,0,4,-2.9695,-4.3750,1.2273,0,0,0,1
RB-NQ_claude_3581703127157842174_P-EpistemicMismatch_MEDIUM_6a0984c6_0543,3581703127157842174,P-EpistemicMismatch,MEDIUM,1,3,1.2409,-1.3750,4.7170,1,1,1,1
RB-NQ_claude_3581703127157842174_P-FalsePremise_LOW_9753ab23_0539,3581703127157842174,P-FalsePremise,LOW,0,3,-0.2023,-5.7500,-2.5573,0,1,0,0
RB-NQ_claude_3581703127157842174_P-GranularityMismatch_HIGH_ca562117_0542,3581703127157842174,P-GranularityMismatch,HIGH,1,3,5.9859,8.5000,3.1257,1,1,1,1
RB-NQ_deepseek_3581703127157842174_P-EpistemicMismatch_HIGH_49f17d14_1717,3581703127157842174,P-EpistemicMismatch,HIGH,1,3,0.2605,-1.3750,5.7579,1,1,1,1
RB-NQ_deepseek_3581703127157842174_P-GranularityMismatch_MEDIUM_239431a9_1715,3581703127157842174,P-GranularityMismatch,MEDIUM,1,3,-4.7721,-3.6250,-2.3771,0,0,0,0
RB-NQ_nova_3581703127157842174_P-FalsePremise_HIGH_2480629c_3962,3581703127157842174,P-FalsePremise,HIGH,1,3,1.8734,-0.8750,0.6588,1,1,1,0
RB-NQ_nova_3581703127157842174_P-FalsePremise_LOW_734cf0ff_3961,3581703127157842174,P-FalsePremise,LOW,0,3,-4.9190,-9.7500,-5.2441,0,0,0,0
RB-NQ_nova_3581703127157842174_P-GranularityMismatch_MEDIUM_f2e091e5_3963,3581703127157842174,P-GranularityMismatch,MEDIUM,1,3,-2.7956,-1.8750,-0.8866,0,0,1,0
RB-NQ_deepseek_-8359866474144720253_P-MissingInfo_LOW_caa6f5d5_1423,-8359866474144720253,P-MissingInfo,LOW,0,2,-5.3320,-5.1250,-0.8379,0,0,0,0
RB-NQ_gpt_2202689210581594515_P-Contradiction_HIGH_aae3cf97_2530,2202689210581594515,P-Contradiction,HIGH,1,3,-2.6522,-0.2500,7.6725,0,0,1,1
RB-NQ_gpt_3581703127157842174_P-Ambiguity_LOW_ea90022c_2765,3581703127157842174,P-Ambiguity,LOW,0,3,-4.5867,-11.6250,-4.7868,0,0,0,0
RB-NQ_deepseek_1122605495295045742_P-Contradiction_LOW_697ea405_1503,1122605495295045742,P-Contradiction,LOW,0,4,-3.8127,-6.8750,0.1640,0,0,0,0
RB-NQ_gpt_199896377614951764_P-MissingInfo_HIGH_57c429db_2357,199896377614951764,P-MissingInfo,HIGH,1,1,-5.2875,-2.3750,-0.3810,0,0,1,0
RB-NQ_gpt_3581703127157842174_P-MissingInfo_MEDIUM_81ba4622_2769,3581703127157842174,P-MissingInfo,MEDIUM,1,3,-4.9662,-10.6250,-3.6683,0,0,0,0
RB-NQ_nova_3581703127157842174_P-MissingInfo_HIGH_5bd2b26d_3960,3581703127157842174,P-MissingInfo,HIGH,1,3,-4.9662,-10.6250,-3.6683,0,0,0,0
RB-NQ_deepseek_2202689210581594515_P-Contradiction_MEDIUM_b8888c93_1565,2202689210581594515,P-Contradiction,MEDIUM,1,3,-2.5647,1.6250,5.3663,0,1,1,1
RB-NQ_deepseek_3581703127157842174_P-MissingInfo_MEDIUM_7dc1e4fd_1711,3581703127157842174,P-MissingInfo,MEDIUM,1,3,-4.7782,-10.2500,-3.5466,0,0,0,0
RB-NQ_nova_5533906981191706877_P-Ambiguity_HIGH_d8071012_3567,5533906981191706877,P-Ambiguity,HIGH,1,2,-1.3871,-5.8750,-1.1822,0,0,0,0
RB-NQ_gpt_-2522076069840987893_P-FalsePremise_HIGH_b3aa19dc_3044,-2522076069840987893,P-FalsePremise,HIGH,1,4,1.8778,-0.6250,1.0659,1,1,1,1
RB-NQ_gpt_-2522076069840987893_P-FalsePremise_LOW_61ce264c_3042,-2522076069840987893,P-FalsePremise,LOW,0,4,2.3024,-0.1250,1.5661,1,1,1,1
RB-NQ_nova_-5083423407995797659_P-EpistemicMismatch_LOW_156e5d84_4169,-5083423407995797659,P-EpistemicMismatch,LOW,0,4,-3.3242,-2.3750,2.3319,0,0,1,1
RB-NQ_nova_5533906981191706877_P-Ambiguity_LOW_fc16d501_3566,5533906981191706877,P-Ambiguity,LOW,0,2,-1.7039,-8.0000,-1.4710,0,0,0,0
RB-NQ_claude_199896377614951764_P-GranularityMismatch_HIGH_9d317f67_0122,199896377614951764,P-GranularityMismatch,HIGH,1,1,-4.5802,0.0000,-0.0755,0,0,1,0
RB-NQ_deepseek_-2522076069840987893_P-EpistemicMismatch_MEDIUM_21903c3c_1896,-2522076069840987893,P-EpistemicMismatch,MEDIUM,1,4,1.4576,-2.7500,6.7843,1,1,1,1
RB-NQ_deepseek_-2522076069840987893_P-FalsePremise_MEDIUM_e2122444_1894,-2522076069840987893,P-FalsePremise,MEDIUM,1,4,-0.4901,-1.1250,1.2746,0,1,1,1
RB-NQ_deepseek_-2522076069840987893_P-Ambiguity_LOW_10476d1a_1889,-2522076069840987893,P-Ambiguity,LOW,0,4,0.0618,-0.6250,2.2166,1,1,1,1
RB-NQ_claude_-2522076069840987893_P-Ambiguity_LOW_bc4a4d98_0815,-2522076069840987893,P-Ambiguity,LOW,0,4,-2.9768,-3.1250,0.8653,0,0,1,1
RB-NQ_nova_-2522076069840987893_P-Contradiction_LOW_a0057814_4172,-2522076069840987893,P-Contradiction,LOW,0,4,-4.7139,-1.2500,-1.9557,0,0,1,0
RB-NQ_gpt_-3420681886890852721_P-MissingInfo_LOW_963dbf12_3200,-3420681886890852721,P-MissingInfo,LOW,0,1,-4.8899,-0.1250,0.2489,0,0,1,1
RB-NQ_claude_-2060506905455252030_P-Ambiguity_MEDIUM_3fbe3483_0140,-2060506905455252030,P-Ambiguity,MEDIUM,1,2,-4.6157,-8.8750,-1.8877,0,0,0,0
RB-NQ_gpt_-4879672631592131847_P-Contradiction_HIGH_03b6e957_2875,-4879672631592131847,P-Contradiction,HIGH,1,1,-1.7617,1.2500,1.6439,0,1,1,1
RB-NQ_claude_-4173780285858774112_P-Contradiction_HIGH_c33bb4e3_0511,-4173780285858774112,P-Contradiction,HIGH,1,2,-0.1889,3.2500,5.4831,0,1,1,1
RB-NQ_deepseek_-4199405438415986663_P-MissingInfo_MEDIUM_1d62d0c0_2214,-4199405438415986663,P-MissingInfo,MEDIUM,1,2,-0.9680,-2.8750,0.0390,0,1,0,0
RB-NQ_nova_-4879672631592131847_P-Contradiction_LOW_9ca0b251_4049,-4879672631592131847,P-Contradiction,LOW,0,1,-6.2216,-6.5000,-1.2781,0,0,0,0
RB-NQ_nova_3370121445039290406_P-MissingInfo_HIGH_96f4fb5c_4489,3370121445039290406,P-MissingInfo,HIGH,1,1,-5.2112,-9.1250,-0.5036,0,0,0,0
RB-NQ_claude_-5083423407995797659_P-Ambiguity_HIGH_8c604519_0802,-5083423407995797659,P-Ambiguity,HIGH,1,4,-1.2101,1.8750,5.3157,0,1,1,1
RB-NQ_nova_4359809240674669371_P-Ambiguity_MEDIUM_85609c1a_4540,4359809240674669371,P-Ambiguity,MEDIUM,1,1,-9.5422,-5.3750,2.8494,0,0,0,1
RB-NQ_claude_4433669964771756966_P-Contradiction_MEDIUM_1e0e59b1_1026,4433669964771756966,P-Contradiction,MEDIUM,1,3,-2.8141,-0.1250,-0.3858,0,0,1,0
RB-NQ_nova_1122605495295045742_P-Ambiguity_LOW_c1d267aa_3718,1122605495295045742,P-Ambiguity,LOW,0,4,-7.4961,-11.2500,-1.4358,0,0,0,0
RB-NQ_deepseek_-8359866474144720253_P-Ambiguity_HIGH_96cc1e4e_1420,-8359866474144720253,P-Ambiguity,HIGH,1,2,-5.8290,-5.6250,-0.6507,0,0,0,0
RB-NQ_gpt_1122605495295045742_P-EpistemicMismatch_LOW_99cd9b3b_2454,1122605495295045742,P-EpistemicMismatch,LOW,0,4,-5.7182,-11.8750,-1.9257,0,0,0,0
RB-NQ_claude_1122605495295045742_P-EpistemicMismatch_LOW_fed12480_0221,1122605495295045742,P-EpistemicMismatch,LOW,0,4,-4.7406,-10.2500,1.8528,0,0,0,1
RB-NQ_claude_1122605495295045742_P-EpistemicMismatch_MEDIUM_fe62fda2_0222,1122605495295045742,P-EpistemicMismatch,MEDIUM,1,4,-4.9514,-8.0000,1.1487,0,0,0,1
RB-NQ_deepseek_1122605495295045742_P-EpistemicMismatch_HIGH_ad85978e_1510,1122605495295045742,P-EpistemicMismatch,HIGH,1,4,0.2689,-2.7500,2.2107,1,1,1,1
RB-NQ_deepseek_1122605495295045742_P-EpistemicMismatch_MEDIUM_d32fc017_1509,1122605495295045742,P-EpistemicMismatch,MEDIUM,1,4,0.0718,-4.7500,4.2868,1,1,0,1
RB-NQ_deepseek_1122605495295045742_P-FalsePremise_LOW_4f1dc346_1506,1122605495295045742,P-FalsePremise,LOW,0,4,-2.3863,-6.3750,-0.6691,0,1,0,0
RB-NQ_deepseek_1122605495295045742_P-GranularityMismatch_MEDIUM_3ae74f08_1508,1122605495295045742,P-GranularityMismatch,MEDIUM,1,4,-3.6686,-8.6250,-0.9330,0,0,0,0
RB-NQ_gpt_-4199405438415986663_P-GranularityMismatch_HIGH_feb7d1e7_3533,-4199405438415986663,P-GranularityMismatch,HIGH,1,2,0.3584,2.1250,1.5469,1,1,1,1
RB-NQ_gpt_-4199405438415986663_P-EpistemicMismatch_HIGH_9a305bbf_3536,-4199405438415986663,P-EpistemicMismatch,HIGH,1,2,-0.6361,-2.1250,2.7469,0,1,1,1
RB-NQ_nova_-4199405438415986663_P-GranularityMismatch_HIGH_d4204ca4_4555,-4199405438415986663,P-GranularityMismatch,HIGH,1,2,5.7972,14.8750,3.6968,1,1,1,1
RB-NQ_claude_-4481086743458136206_P-Ambiguity_HIGH_67c49d98_0520,-4481086743458136206,P-Ambiguity,HIGH,1,1,1.8433,8.0000,4.0109,1,1,1,1
RB-NQ_deepseek_4359809240674669371_P-Contradiction_MEDIUM_98e8ab42_2203,4359809240674669371,P-Contradiction,MEDIUM,1,1,-7.3461,-2.6250,3.1706,0,0,1,1
RB-NQ_nova_-4199405438415986663_P-MissingInfo_MEDIUM_df463cbb_4552,-4199405438415986663,P-MissingInfo,MEDIUM,1,2,-8.7082,-6.7500,-0.2739,0,0,0,0
RB-NQ_claude_-3803697286581502044_P-EpistemicMismatch_HIGH_8185cfc9_1046,-3803697286581502044,P-EpistemicMismatch,HIGH,1,0,-0.9269,0.7500,6.3549,0,1,1,1
RB-NQ_nova_-3803697286581502044_P-GranularityMismatch_MEDIUM_2cbad333_4343,-3803697286581502044,P-GranularityMismatch,MEDIUM,1,0,-1.6268,-4.1250,-2.2936,0,0,0,0
RB-NQ_claude_867176429412490099_P-Contradiction_HIGH_caeb90e0_0496,867176429412490099,P-Contradiction,HIGH,1,0,-3.6837,-0.8750,3.3322,0,0,1,1
RB-NQ_deepseek_-3803697286581502044_P-GranularityMismatch_MEDIUM_d7d2fc0e_2026,-3803697286581502044,P-GranularityMismatch,MEDIUM,1,0,-1.7352,-2.3750,0.8421,0,0,1,1
RB-NQ_deepseek_-5083423407995797659_P-GranularityMismatch_HIGH_1c5da0a1_1886,-5083423407995797659,P-GranularityMismatch,HIGH,1,4,0.9868,0.2500,2.7267,1,1,1,1
RB-NQ_nova_4359809240674669371_P-Contradiction_HIGH_b1ed8049_4543,4359809240674669371,P-Contradiction,HIGH,1,1,-9.0933,0.2500,2.9546,0,0,1,1
RB-NQ_claude_-5083423407995797659_P-EpistemicMismatch_HIGH_be01db50_0814,-5083423407995797659,P-EpistemicMismatch,HIGH,1,4,0.0820,0.7500,4.9792,1,1,1,1
RB-NQ_claude_-5083423407995797659_P-GranularityMismatch_HIGH_cc7ac37c_0812,-5083423407995797659,P-GranularityMismatch,HIGH,1,4,4.4217,5.6250,6.3970,1,1,1,1
RB-NQ_claude_2202689210581594515_P-Ambiguity_MEDIUM_708f69dc_0296,2202689210581594515,P-Ambiguity,MEDIUM,1,3,-1.5876,-0.1250,3.9308,0,1,1,1
RB-NQ_deepseek_-5083423407995797659_P-EpistemicMismatch_HIGH_6ba81c15_1888,-5083423407995797659,P-EpistemicMismatch,HIGH,1,4,1.2342,2.7500,6.1249,1,1,1,1
RB-NQ_nova_-3803697286581502044_P-MissingInfo_HIGH_29cd91f0_4341,-3803697286581502044,P-MissingInfo,HIGH,1,0,-4.3027,-7.6250,-1.9890,0,0,0,0
RB-NQ_nova_-3803697286581502044_P-MissingInfo_MEDIUM_29cd91f0_4340,-3803697286581502044,P-MissingInfo,MEDIUM,1,0,-4.3027,-7.6250,-1.9890,0,0,0,0
RB-NQ_gpt_-3803697286581502044_P-MissingInfo_HIGH_ddeaf668_3254,-3803697286581502044,P-MissingInfo,HIGH,1,0,-3.9755,-6.0000,-2.0715,0,0,0,0
RB-NQ_nova_-2060506905455252030_P-Contradiction_HIGH_cb595884_3666,-2060506905455252030,P-Contradiction,HIGH,1,2,-5.9355,-5.8750,-0.6167,0,0,0,0
RB-NQ_claude_-4173780285858774112_P-Contradiction_MEDIUM_e3c81007_0510,-4173780285858774112,P-Contradiction,MEDIUM,1,2,-1.6352,1.8750,2.5262,0,0,1,1
RB-NQ_deepseek_3581703127157842174_P-MissingInfo_LOW_1ade5455_1710,3581703127157842174,P-MissingInfo,LOW,0,3,-8.0472,-13.0000,-4.7088,0,0,0,0
RB-NQ_nova_-4199405438415986663_P-MissingInfo_HIGH_138156f6_4553,-4199405438415986663,P-MissingInfo,HIGH,1,2,-9.1358,-6.8750,0.3217,0,0,0,0
RB-NQ_gpt_-5083423407995797659_P-Ambiguity_LOW_17520953_3023,-5083423407995797659,P-Ambiguity,LOW,0,4,-3.6256,-3.2500,-0.6429,0,0,1,0
RB-NQ_nova_-2522076069840987893_P-FalsePremise_MEDIUM_cd8105c3_4178,-2522076069840987893,P-FalsePremise,MEDIUM,1,4,-4.6301,-3.6250,0.8132,0,0,1,1
RB-NQ_deepseek_2202689210581594515_P-Ambiguity_HIGH_48e8029d_1563,2202689210581594515,P-Ambiguity,HIGH,1,3,-2.6746,-6.5000,3.2165,0,0,0,1
RB-NQ_gpt_-2522076069840987893_P-EpistemicMismatch_HIGH_7183f4dc_3048,-2522076069840987893,P-EpistemicMismatch,HIGH,1,4,3.1637,4.5000,6.1259,1,1,1,1
RB-NQ_gpt_-4173780285858774112_P-Contradiction_MEDIUM_d20fba07_2740,-4173780285858774112,P-Contradiction,MEDIUM,1,2,-2.5551,-1.5000,1.4129,0,0,1,1
RB-NQ_nova_4359809240674669371_P-Contradiction_MEDIUM_cefeea11_4542,4359809240674669371,P-Contradiction,MEDIUM,1,1,-9.0653,-2.8750,2.6203,0,0,1,1
RB-NQ_claude_1725103917763203519_P-GranularityMismatch_MEDIUM_f7a096ba_1114,1725103917763203519,P-GranularityMismatch,MEDIUM,1,3,-1.4300,1.3750,4.9753,0,1,1,1
RB-NQ_nova_-1176280233636154422_P-Contradiction_MEDIUM_9c5f6df2_3699,-1176280233636154422,P-Contradiction,MEDIUM,1,4,-3.8903,-0.3750,6.5948,0,0,1,1
RB-NQ_nova_-5083423407995797659_P-Ambiguity_LOW_dd9501ec_4160,-5083423407995797659,P-Ambiguity,LOW,0,4,-2.8480,-2.8750,1.8644,0,0,1,1
RB-NQ_nova_-2522076069840987893_P-MissingInfo_MEDIUM_d05a8a6d_4176,-2522076069840987893,P-MissingInfo,MEDIUM,1,4,-4.9537,-2.2500,-1.3695,0,0,1,0
RB-NQ_gpt_-2522076069840987893_P-MissingInfo_MEDIUM_9eb1885d_3040,-2522076069840987893,P-MissingInfo,MEDIUM,1,4,-5.1940,-2.2500,-1.9478,0,0,1,0
RB-NQ_gpt_4433669964771756966_P-Contradiction_HIGH_e9aa3285_3240,4433669964771756966,P-Contradiction,HIGH,1,3,-1.9135,3.8750,0.2658,0,1,1,0
RB-NQ_deepseek_2202689210581594515_P-Ambiguity_MEDIUM_d830e347_1562,2202689210581594515,P-Ambiguity,MEDIUM,1,3,-3.9811,-7.2500,3.0066,0,0,0,1
RB-NQ_deepseek_-3803697286581502044_P-MissingInfo_LOW_00d173f0_2022,-3803697286581502044,P-MissingInfo,LOW,0,0,-5.6761,-9.3750,-2.6482,0,0,0,0
RB-NQ_gpt_-3803697286581502044_P-MissingInfo_LOW_b7d0dc43_3253,-3803697286581502044,P-MissingInfo,LOW,0,0,-5.7422,-8.2500,-2.9920,0,0,0,0
RB-NQ_claude_3368186292408394314_P-Contradiction_LOW_434b4cf4_1130,3368186292408394314,P-Contradiction,LOW,0,4,-2.7834,-0.3750,1.9796,0,0,1,1
RB-NQ_gpt_-7941948650465895222_P-Contradiction_MEDIUM_701d3b6c_2647,-7941948650465895222,P-Contradiction,MEDIUM,1,1,-2.6444,2.6250,3.0688,0,0,1,1
RB-NQ_nova_4433669964771756966_P-EpistemicMismatch_LOW_364619ec_4333,4433669964771756966,P-EpistemicMismatch,LOW,0,3,-2.8019,-1.1250,-0.9875,0,0,1,0
RB-NQ_claude_-8631190913794477985_P-Contradiction_MEDIUM_7d7d964d_0100,-8631190913794477985,P-Contradiction,MEDIUM,1,4,-3.1582,4.1250,3.1797,0,0,1,1
RB-NQ_claude_2125482171201889012_P-GranularityMismatch_MEDIUM_52f900be_1126,2125482171201889012,P-GranularityMismatch,MEDIUM,1,0,-0.9947,-4.6250,4.0606,0,1,0,1
RB-NQ_deepseek_1725103917763203519_P-Contradiction_HIGH_f0cb39de_2071,1725103917763203519,P-Contradiction,HIGH,1,3,-2.1451,-1.5000,3.6596,0,1,1,1
RB-NQ_gpt_4433669964771756966_P-Contradiction_LOW_125182f9_3238,4433669964771756966,P-Contradiction,LOW,0,3,-3.2825,-2.2500,-2.3061,0,0,1,0
RB-NQ_gpt_5911119091653953181_P-Contradiction_LOW_07e8fd3d_2433,5911119091653953181,P-Contradiction,LOW,0,3,-4.6541,-2.8750,-0.7455,0,0,1,0
RB-NQ_deepseek_-8631190913794477985_P-Contradiction_MEDIUM_4acc3be8_1437,-8631190913794477985,P-Contradiction,MEDIUM,1,4,-1.6959,6.3750,3.5599,0,1,1,1
RB-NQ_claude_-2060506905455252030_P-Contradiction_HIGH_92364647_0144,-2060506905455252030,P-Contradiction,HIGH,1,2,-4.7131,-11.6250,-3.3146,0,0,0,0
RB-NQ_claude_2202689210581594515_P-MissingInfo_MEDIUM_6b09b371_0300,2202689210581594515,P-MissingInfo,MEDIUM,1,3,-1.4047,-4.6250,3.6705,0,1,0,1
RB-NQ_deepseek_1122605495295045742_P-FalsePremise_HIGH_ff3ee2e5_1507,1122605495295045742,P-FalsePremise,HIGH,1,4,-3.3610,-7.5000,0.2186,0,0,0,0
RB-NQ_nova_1122605495295045742_P-FalsePremise_HIGH_97cdc9a5_3726,1122605495295045742,P-FalsePremise,HIGH,1,4,6.4512,13.5000,4.8022,1,1,1,1
RB-NQ_nova_1122605495295045742_P-FalsePremise_LOW_640c6095_3724,1122605495295045742,P-FalsePremise,LOW,0,4,-5.8952,-9.2500,-1.3289,0,0,0,0
RB-NQ_nova_1122605495295045742_P-GranularityMismatch_HIGH_ba7d9fc5_3728,1122605495295045742,P-GranularityMismatch,HIGH,1,4,6.1196,11.7500,7.6267,1,1,1,1
RB-NQ_nova_1122605495295045742_P-GranularityMismatch_MEDIUM_e88b1b6d_3727,1122605495295045742,P-GranularityMismatch,MEDIUM,1,4,-2.7900,-2.7500,-0.5137,0,0,1,0
RB-NQ_claude_2202689210581594515_P-Ambiguity_LOW_24773043_0295,2202689210581594515,P-Ambiguity,LOW,0,3,-4.9601,-8.1250,2.9020,0,0,0,1
RB-NQ_claude_-5083423407995797659_P-MissingInfo_MEDIUM_2f77889c_0807,-5083423407995797659,P-MissingInfo,MEDIUM,1,4,-0.1962,0.3750,2.8719,0,1,1,1
RB-NQ_claude_-2060506905455252030_P-Contradiction_LOW_62dcd6ae_0142,-2060506905455252030,P-Contradiction,LOW,0,2,-4.4174,-10.3750,-2.6554,0,0,0,0
RB-NQ_claude_-4879672631592131847_P-Ambiguity_LOW_608d189d_0643,-4879672631592131847,P-Ambiguity,LOW,0,1,-7.8209,-9.3750,-2.7108,0,0,0,0
RB-NQ_claude_1626619710468103467_P-GranularityMismatch_MEDIUM_5034b819_0372,1626619710468103467,P-GranularityMismatch,MEDIUM,1,2,-1.1603,-0.8750,1.6548,0,1,1,1
RB-NQ_nova_2642993931001870696_P-Contradiction_HIGH_268d6c80_3980,2642993931001870696,P-Contradiction,HIGH,1,2,4.1100,9.2500,4.1340,1,1,1,1
RB-NQ_claude_-8359866474144720253_P-Ambiguity_HIGH_8b8037bb_0073,-8359866474144720253,P-Ambiguity,HIGH,1,2,-1.5720,-1.6250,0.6026,0,0,1,1
RB-NQ_deepseek_-4481086743458136206_P-Contradiction_MEDIUM_2ec32982_1702,-4481086743458136206,P-Contradiction,MEDIUM,1,1,0.1775,4.1250,2.9673,1,1,1,1
RB-NQ_nova_5911119091653953181_P-Contradiction_HIGH_54835fbe_3710,5911119091653953181,P-Contradiction,HIGH,1,3,-6.6424,-6.6250,-0.1656,0,0,0,0
RB-NQ_nova_-4283464153717448291_P-Contradiction_HIGH_56f2436d_4433,-4283464153717448291,P-Contradiction,HIGH,1,2,4.3390,11.1250,3.2072,1,1,1,1
RB-NQ_claude_4433669964771756966_P-Ambiguity_LOW_58e75189_1024,4433669964771756966,P-Ambiguity,LOW,0,3,-0.2058,8.8750,0.8754,0,1,1,0
RB-NQ_claude_2202689210581594515_P-EpistemicMismatch_HIGH_76af526a_0308,2202689210581594515,P-EpistemicMismatch,HIGH,1,3,0.2377,-1.7500,6.8679,1,1,1,1
RB-NQ_deepseek_2202689210581594515_P-FalsePremise_HIGH_9e06aff0_1569,2202689210581594515,P-FalsePremise,HIGH,1,3,0.2199,1.0000,4.6589,1,1,1,1
RB-NQ_nova_-5083423407995797659_P-FalsePremise_HIGH_ce53940f_4166,-5083423407995797659,P-FalsePremise,HIGH,1,4,0.0866,0.6250,3.3783,1,1,1,1
RB-NQ_nova_-5083423407995797659_P-GranularityMismatch_HIGH_ae96930d_4168,-5083423407995797659,P-GranularityMismatch,HIGH,1,4,2.5727,7.1250,5.1886,1,1,1,1
RB-NQ_nova_-5083423407995797659_P-GranularityMismatch_MEDIUM_4fd5c117_4167,-5083423407995797659,P-GranularityMismatch,MEDIUM,1,4,-1.6457,0.0000,1.9390,0,1,1,1
RB-NQ_nova_2202689210581594515_P-EpistemicMismatch_MEDIUM_713d610a_3793,2202689210581594515,P-EpistemicMismatch,MEDIUM,1,3,-3.9038,-5.6250,4.0619,0,0,0,1
RB-NQ_nova_2202689210581594515_P-GranularityMismatch_LOW_a9ab024c_3791,2202689210581594515,P-GranularityMismatch,LOW,0,3,-8.0359,-11.5000,1.0246,0,0,0,0
RB-NQ_claude_5533906981191706877_P-EpistemicMismatch_HIGH_5b9826f3_0019,5533906981191706877,P-EpistemicMismatch,HIGH,1,2,1.0765,-0.6250,1.2012,1,1,1,1
RB-NQ_claude_5533906981191706877_P-FalsePremise_LOW_f3603f00_0013,5533906981191706877,P-FalsePremise,LOW,0,2,-1.0471,-4.2500,-1.1018,0,1,0,0
RB-NQ_claude_5533906981191706877_P-GranularityMismatch_HIGH_b7ab854f_0017,5533906981191706877,P-GranularityMismatch,HIGH,1,2,5.7033,10.2500,3.0524,1,1,1,1
RB-NQ_deepseek_2202689210581594515_P-GranularityMismatch_LOW_13279f91_1570,2202689210581594515,P-GranularityMismatch,LOW,0,3,-3.9405,-5.6250,6.3562,0,0,0,1
RB-NQ_deepseek_5533906981191706877_P-Ambiguity_LOW_74e3e510_1371,5533906981191706877,P-Ambiguity,LOW,0,2,-0.5245,-0.1250,-0.3069,0,1,1,0
RB-NQ_deepseek_5533906981191706877_P-FalsePremise_MEDIUM_73c9718b_1375,5533906981191706877,P-FalsePremise,MEDIUM,1,2,0.0133,-2.1250,-0.1224,1,1,1,0
RB-NQ_gpt_2202689210581594515_P-MissingInfo_MEDIUM_0034cea4_2532,2202689210581594515,P-MissingInfo,MEDIUM,1,3,-1.0111,-3.2500,3.5730,0,1,0,1
RB-NQ_gpt_5533906981191706877_P-EpistemicMismatch_LOW_2630f136_2267,5533906981191706877,P-EpistemicMismatch,LOW,0,2,-4.0011,-6.2500,-1.6337,0,0,0,0
RB-NQ_nova_5533906981191706877_P-EpistemicMismatch_HIGH_b5e983a1_3577,5533906981191706877,P-EpistemicMismatch,HIGH,1,2,4.7872,5.3750,3.2756,1,1,1,1
RB-NQ_nova_5533906981191706877_P-EpistemicMismatch_MEDIUM_61e8f92d_3576,5533906981191706877,P-EpistemicMismatch,MEDIUM,1,2,-0.1750,-0.2500,1.0295,0,1,1,1
RB-NQ_nova_5533906981191706877_P-GranularityMismatch_LOW_2bb69a4f_3574,5533906981191706877,P-GranularityMismatch,LOW,0,2,-2.2485,-7.8750,-1.4119,0,0,0,0
RB-NQ_nova_5911119091653953181_P-Contradiction_MEDIUM_18402cbc_3709,5911119091653953181,P-Contradiction,MEDIUM,1,3,-6.3150,-8.2500,-1.9203,0,0,0,0
RB-NQ_deepseek_2202689210581594515_P-Ambiguity_LOW_d8923228_1561,2202689210581594515,P-Ambiguity,LOW,0,3,-8.2704,-10.2500,0.4633,0,0,0,0
RB-NQ_deepseek_2202689210581594515_P-EpistemicMismatch_MEDIUM_f885d545_1572,2202689210581594515,P-EpistemicMismatch,MEDIUM,1,3,-4.8993,-3.5000,5.0448,0,0,0,1
RB-NQ_deepseek_2202689210581594515_P-GranularityMismatch_MEDIUM_6449d1d3_1571,2202689210581594515,P-GranularityMismatch,MEDIUM,1,3,-5.6881,-10.1250,-0.0820,0,0,0,0
RB-NQ_claude_5533906981191706877_P-Ambiguity_LOW_6188255b_0006,5533906981191706877,P-Ambiguity,LOW,0,2,-1.4364,-7.1250,-1.4286,0,0,0,0
RB-NQ_deepseek_5533906981191706877_P-EpistemicMismatch_LOW_6c626e30_1376,5533906981191706877,P-EpistemicMismatch,LOW,0,2,-4.0031,-6.1250,-1.7322,0,0,0,0
RB-NQ_nova_5533906981191706877_P-MissingInfo_LOW_7f0d3b3e_3571,5533906981191706877,P-MissingInfo,LOW,0,2,-1.7188,-6.5000,-1.3128,0,0,0,0
RB-NQ_claude_-4879672631592131847_P-MissingInfo_MEDIUM_ea485cd0_0648,-4879672631592131847,P-MissingInfo,MEDIUM,1,1,-7.5016,-6.7500,-1.5634,0,0,0,0
RB-NQ_deepseek_-1176280233636154422_P-Contradiction_MEDIUM_af11cd9d_1486,-1176280233636154422,P-Contradiction,MEDIUM,1,4,-7.0120,-2.6250,9.3199,0,0,1,1
RB-NQ_claude_-4879672631592131847_P-GranularityMismatch_LOW_c4beabcc_0651,-4879672631592131847,P-GranularityMismatch,LOW,0,1,-6.7145,-5.8750,-2.4263,0,0,0,0
RB-NQ_claude_3616632103136384232_P-Contradiction_MEDIUM_b6d5ebcb_1277,3616632103136384232,P-Contradiction,MEDIUM,1,3,-3.8694,-3.7500,0.8949,0,0,0,0
RB-NQ_nova_3616632103136384232_P-Ambiguity_MEDIUM_3ee78529_4514,3616632103136384232,P-Ambiguity,MEDIUM,1,3,-3.0214,-4.2500,0.4890,0,0,0,0
RB-NQ_deepseek_-4879672631592131847_P-Contradiction_HIGH_3fa7b010_1789,-4879672631592131847,P-Contradiction,HIGH,1,1,-5.2222,3.8750,-1.5745,0,0,1,0
RB-NQ_deepseek_7439208340888264395_P-Ambiguity_MEDIUM_0dc66d6c_2060,7439208340888264395,P-Ambiguity,MEDIUM,1,2,-5.2273,-4.5000,0.3549,0,0,0,0
RB-NQ_claude_-1176280233636154422_P-Ambiguity_HIGH_5d07a713_0182,-1176280233636154422,P-Ambiguity,HIGH,1,4,2.5342,2.6250,0.6068,1,1,1,1
RB-NQ_deepseek_2642993931001870696_P-Contradiction_MEDIUM_2b4de53e_1728,2642993931001870696,P-Contradiction,MEDIUM,1,2,0.8192,7.1250,4.1140,1,1,1,1
RB-NQ_nova_6608141013475408306_P-Ambiguity_MEDIUM_a724ec7b_4356,6608141013475408306,P-Ambiguity,MEDIUM,1,0,-7.6012,-7.3750,1.2299,0,0,0,1
RB-NQ_gpt_7493304116642628789_P-Contradiction_MEDIUM_1cdbcaaa_3390,7493304116642628789,P-Contradiction,MEDIUM,1,4,0.1082,1.5000,3.4564,1,1,1,1
RB-NQ_gpt_4359809240674669371_P-Contradiction_LOW_5aa8464d_3513,4359809240674669371,P-Contradiction,LOW,0,1,-10.1185,-9.6250,-1.1290,0,0,0,0
RB-NQ_nova_867176429412490099_P-Contradiction_HIGH_a863186f_3928,867176429412490099,P-Contradiction,HIGH,1,0,0.5693,4.3750,1.7549,1,1,1,1
RB-NQ_claude_-7941948650465895222_P-Contradiction_HIGH_6f547ca9_0419,-7941948650465895222,P-Contradiction,HIGH,1,1,-5.2690,-6.0000,-0.2641,0,0,0,0
RB-NQ_deepseek_7439208340888264395_P-Contradiction_HIGH_f022b382_2063,7439208340888264395,P-Contradiction,HIGH,1,2,-4.4909,0.5000,4.4183,0,0,1,1
RB-NQ_gpt_3368186292408394314_P-Contradiction_LOW_ec564382_3349,3368186292408394314,P-Contradiction,LOW,0,4,-3.5169,-0.7500,1.3202,0,0,1,1
RB-NQ_gpt_-4879672631592131847_P-MissingInfo_HIGH_518a2602_2878,-4879672631592131847,P-MissingInfo,HIGH,1,1,-6.0928,-2.8750,-1.3002,0,0,1,0
RB-NQ_nova_-458159261891926107_P-Contradiction_HIGH_4cdba526_4015,-458159261891926107,P-Contradiction,HIGH,1,0,-4.0930,-5.8750,2.5449,0,0,0,1
RB-NQ_claude_3370121445039290406_P-Ambiguity_HIGH_0113b8ca_1231,3370121445039290406,P-Ambiguity,HIGH,1,1,-6.8116,-13.1250,-1.1773,0,0,0,0
RB-NQ_claude_7439208340888264395_P-Contradiction_MEDIUM_6ede13e2_1096,7439208340888264395,P-Contradiction,MEDIUM,1,2,-8.9746,-1.3750,1.6291,0,0,1,1
RB-NQ_claude_4359809240674669371_P-Contradiction_LOW_3d707120_1315,4359809240674669371,P-Contradiction,LOW,0,1,-9.6855,-12.1250,-2.1175,0,0,0,0
RB-NQ_nova_-458159261891926107_P-Ambiguity_MEDIUM_a00b9a09_4012,-458159261891926107,P-Ambiguity,MEDIUM,1,0,-1.4963,-5.2500,0.5310,0,0,0,0
RB-NQ_claude_-4879672631592131847_P-FalsePremise_HIGH_61df4079_0650,-4879672631592131847,P-FalsePremise,HIGH,1,1,0.4451,6.3750,-2.1923,1,1,1,0
RB-NQ_deepseek_4359809240674669371_P-Contradiction_LOW_2bbb1bf5_2202,4359809240674669371,P-Contradiction,LOW,0,1,-9.5341,-11.6250,-2.2918,0,0,0,0
RB-NQ_nova_-1176280233636154422_P-Ambiguity_MEDIUM_b817e7b0_3698,-1176280233636154422,P-Ambiguity,MEDIUM,1,4,-4.8932,-6.0000,0.6728,0,0,0,1
RB-NQ_nova_-4879672631592131847_P-EpistemicMismatch_HIGH_5f46d9e7_4061,-4879672631592131847,P-EpistemicMismatch,HIGH,1,1,4.8071,7.2500,5.3062,1,1,1,1
RB-NQ_nova_-4879672631592131847_P-FalsePremise_HIGH_dc09cd41_4057,-4879672631592131847,P-FalsePremise,HIGH,1,1,2.6380,8.6250,0.5683,1,1,1,1
RB-NQ_nova_-4879672631592131847_P-FalsePremise_LOW_a72726c8_4055,-4879672631592131847,P-FalsePremise,LOW,0,1,-3.0138,0.3750,-1.9428,0,0,1,0
RB-NQ_nova_-4879672631592131847_P-FalsePremise_MEDIUM_175f14a9_4056,-4879672631592131847,P-FalsePremise,MEDIUM,1,1,5.3102,9.7500,3.2248,1,1,1,1
RB-NQ_nova_-6737486169677690795_P-Contradiction_MEDIUM_4c6d7ef0_4306,-6737486169677690795,P-Contradiction,MEDIUM,1,2,2.3905,6.7500,3.8005,1,1,1,1
RB-NQ_claude_4925057086725798331_P-Ambiguity_MEDIUM_4bc92460_1144,4925057086725798331,P-Ambiguity,MEDIUM,1,3,-2.0513,8.5000,7.4686,0,1,1,1
RB-NQ_deepseek_-4879672631592131847_P-FalsePremise_HIGH_598b8ea7_1792,-4879672631592131847,P-FalsePremise,HIGH,1,1,-3.2738,0.3750,0.9071,0,0,1,1
RB-NQ_deepseek_2642993931001870696_P-Contradiction_HIGH_1ec1df2b_1729,2642993931001870696,P-Contradiction,HIGH,1,2,-4.9491,2.0000,1.2055,0,0,1,1
RB-NQ_gpt_-1176280233636154422_P-Contradiction_MEDIUM_6dc14917_2421,-1176280233636154422,P-Contradiction,MEDIUM,1,4,-3.0739,1.6250,11.3792,0,0,1,1
RB-NQ_gpt_-4879672631592131847_P-EpistemicMismatch_LOW_3094d890_2884,-4879672631592131847,P-EpistemicMismatch,LOW,0,1,-7.6644,-5.5000,-2.2895,0,0,0,0
RB-NQ_gpt_-4879672631592131847_P-EpistemicMismatch_MEDIUM_32b52475_2885,-4879672631592131847,P-EpistemicMismatch,MEDIUM,1,1,1.8687,2.2500,5.4347,1,1,1,1
RB-NQ_gpt_-4879672631592131847_P-GranularityMismatch_LOW_dc81574d_2881,-4879672631592131847,P-GranularityMismatch,LOW,0,1,-6.9447,-4.5000,-2.5737,0,0,0,0
RB-NQ_claude_4433669964771756966_P-FalsePremise_LOW_ac551133_1029,4433669964771756966,P-FalsePremise,LOW,0,3,0.1425,2.7500,0.7190,1,1,1,0
RB-NQ_deepseek_4433669964771756966_P-EpistemicMismatch_MEDIUM_0a5be1a5_2018,4433669964771756966,P-EpistemicMismatch,MEDIUM,1,3,-1.0412,1.3750,9.7550,0,1,1,1
RB-NQ_deepseek_4433669964771756966_P-FalsePremise_HIGH_bde92066_2016,4433669964771756966,P-FalsePremise,HIGH,1,3,0.1145,2.3750,3.1259,1,1,1,1
RB-NQ_gpt_2202689210581594515_P-MissingInfo_LOW_d0729225_2531,2202689210581594515,P-MissingInfo,LOW,0,3,-2.7040,-4.1250,3.1676,0,0,0,1
RB-NQ_nova_4433669964771756966_P-FalsePremise_LOW_e53760ca_4329,4433669964771756966,P-FalsePremise,LOW,0,3,-0.1911,5.0000,0.3489,0,1,1,0
RB-NQ_nova_4433669964771756966_P-EpistemicMismatch_HIGH_6a3e4967_4335,4433669964771756966,P-EpistemicMismatch,HIGH,1,3,-0.1555,0.1250,7.7536,0,1,1,1
RB-NQ_nova_4433669964771756966_P-GranularityMismatch_HIGH_8a95e35d_4332,4433669964771756966,P-GranularityMismatch,HIGH,1,3,5.2898,9.7500,9.1961,1,1,1,1
RB-NQ_nova_4433669964771756966_P-GranularityMismatch_LOW_b0617055_4331,4433669964771756966,P-GranularityMismatch,LOW,0,3,-2.6673,-1.1250,-0.8895,0,0,1,0
RB-NQ_deepseek_4433669964771756966_P-GranularityMismatch_HIGH_a26c866a_2017,4433669964771756966,P-GranularityMismatch,HIGH,1,3,4.7369,8.5000,6.7299,1,1,1,1
RB-NQ_gpt_4433669964771756966_P-Ambiguity_LOW_8d82d95a_3237,4433669964771756966,P-Ambiguity,LOW,0,3,-4.4777,-4.1250,0.7838,0,0,0,0
RB-NQ_gpt_4433669964771756966_P-FalsePremise_MEDIUM_dbd343c8_3245,4433669964771756966,P-FalsePremise,MEDIUM,1,3,-1.8286,-2.6250,6.1956,0,1,1,1
RB-NQ_gpt_4433669964771756966_P-GranularityMismatch_HIGH_4a90ec0f_3247,4433669964771756966,P-GranularityMismatch,HIGH,1,3,2.5438,5.5000,2.8701,1,1,1,1
RB-NQ_claude_3368186292408394314_P-MissingInfo_HIGH_18a36110_1134,3368186292408394314,P-MissingInfo,HIGH,1,4,-3.1044,-2.1250,13.1921,0,0,1,1
RB-NQ_claude_6243386362552941358_P-GranularityMismatch_MEDIUM_75d82ca3_1088,6243386362552941358,P-GranularityMismatch,MEDIUM,1,2,-5.4586,-5.2500,1.1479,0,0,0,1
RB-NQ_deepseek_3616632103136384232_P-Ambiguity_HIGH_550e6c18_2177,3616632103136384232,P-Ambiguity,HIGH,1,3,-2.5514,-9.7500,2.1816,0,1,0,1
RB-NQ_nova_8282063117132135457_P-Ambiguity_MEDIUM_fd923d61_3795,8282063117132135457,P-Ambiguity,MEDIUM,1,4,-8.3936,-10.5000,3.0231,0,0,0,1
RB-NQ_gpt_5533906981191706877_P-MissingInfo_LOW_2239fd32_2259,5533906981191706877,P-MissingInfo,LOW,0,2,-1.5223,-5.6250,-1.2134,0,0,0,0
RB-NQ_deepseek_3368186292408394314_P-Contradiction_LOW_50b9c2ab_2085,3368186292408394314,P-Contradiction,LOW,0,4,-3.2609,-1.3750,0.7651,0,0,1,1
RB-NQ_gpt_-2060506905455252030_P-MissingInfo_HIGH_f8b328f5_2382,-2060506905455252030,P-MissingInfo,HIGH,1,2,-4.7170,-8.5000,-1.5046,0,0,0,0
RB-NQ_deepseek_-4283464153717448291_P-Contradiction_LOW_87e8fd78_2106,-4283464153717448291,P-Contradiction,LOW,0,2,-3.9364,-5.7500,-1.1260,0,0,0,0
RB-NQ_nova_-2060506905455252030_P-Ambiguity_LOW_a5f04968_3663,-2060506905455252030,P-Ambiguity,LOW,0,2,-5.2976,-10.6250,-2.8719,0,0,0,0
RB-NQ_claude_-2060506905455252030_P-EpistemicMismatch_LOW_b8d8bae7_0152,-2060506905455252030,P-EpistemicMismatch,LOW,0,2,-5.7697,-11.1250,-2.3037,0,0,0,0
RB-NQ_claude_-2060506905455252030_P-FalsePremise_LOW_2a27720d_0147,-2060506905455252030,P-FalsePremise,LOW,0,2,-3.9808,-9.3750,-2.7996,0,0,0,0
RB-NQ_deepseek_-2060506905455252030_P-EpistemicMismatch_MEDIUM_1e51ec1d_1465,-2060506905455252030,P-EpistemicMismatch,MEDIUM,1,2,-8.7377,-13.1250,-3.1675,0,0,0,0
RB-NQ_gpt_-2060506905455252030_P-FalsePremise_MEDIUM_6a2bc920_2384,-2060506905455252030,P-FalsePremise,MEDIUM,1,2,1.8259,0.8750,-0.7505,1,1,1,0
RB-NQ_gpt_-3563945110717053326_P-Contradiction_MEDIUM_a9c6b767_2971,-3563945110717053326,P-Contradiction,MEDIUM,1,4,-1.8882,0.3750,2.7201,0,1,1,1
RB-NQ_gpt_-5083423407995797659_P-MissingInfo_MEDIUM_a7f25cb6_3026,-5083423407995797659,P-MissingInfo,MEDIUM,1,4,-0.6425,3.8750,3.3494,0,1,1,1
RB-NQ_nova_-2060506905455252030_P-FalsePremise_LOW_77f99f5c_3670,-2060506905455252030,P-FalsePremise,LOW,0,2,-5.1723,-9.6250,-2.2617,0,0,0,0
RB-NQ_nova_-2060506905455252030_P-FalsePremise_MEDIUM_f996c22a_3671,-2060506905455252030,P-FalsePremise,MEDIUM,1,2,-3.2446,-6.8750,-1.8809,0,0,0,0
RB-NQ_nova_-5083423407995797659_P-MissingInfo_HIGH_c61bb12a_4163,-5083423407995797659,P-MissingInfo,HIGH,1,4,-0.6425,3.8750,3.3494,0,1,1,1
RB-NQ_nova_5560309333336506479_P-Contradiction_HIGH_3dcbdf11_3909,5560309333336506479,P-Contradiction,HIGH,1,1,-2.1810,3.3750,1.2889,0,1,1,1
RB-NQ_claude_6608141013475408306_P-GranularityMismatch_LOW_6606cced_1073,6608141013475408306,P-GranularityMismatch,LOW,0,0,-10.1074,-14.1250,-1.3613,0,0,0,0
RB-NQ_deepseek_-7729388021714760854_P-Contradiction_HIGH_178a6ec9_1925,-7729388021714760854,P-Contradiction,HIGH,1,3,-6.3254,-7.5000,-3.5067,0,0,0,0
RB-NQ_gpt_867176429412490099_P-Ambiguity_MEDIUM_12d3ab65_2725,867176429412490099,P-Ambiguity,MEDIUM,1,0,-7.9295,-8.6250,-2.0832,0,0,0,0
RB-NQ_claude_-4173780285858774112_P-Ambiguity_LOW_df2a266e_0507,-4173780285858774112,P-Ambiguity,LOW,0,2,-4.8259,-8.7500,-1.5585,0,0,0,0
RB-NQ_claude_-8631190913794477985_P-Ambiguity_LOW_ac6b995b_0098,-8631190913794477985,P-Ambiguity,LOW,0,4,-2.5328,-0.5000,-0.8983,0,0,1,0
RB-NQ_deepseek_5533906981191706877_P-MissingInfo_HIGH_c9a7b7b3_1374,5533906981191706877,P-MissingInfo,HIGH,1,2,-0.8155,-2.0000,-0.7340,0,1,1,0
RB-NQ_nova_-3563945110717053326_P-Contradiction_HIGH_5da86b0e_4130,-3563945110717053326,P-Contradiction,HIGH,1,4,2.2954,9.0000,7.4397,1,1,1,1
RB-NQ_gpt_4925057086725798331_P-Contradiction_HIGH_b3c18590_3364,4925057086725798331,P-Contradiction,HIGH,1,3,-0.4600,5.8750,5.7317,0,1,1,1
RB-NQ_gpt_5560309333336506479_P-Contradiction_MEDIUM_683c52f9_2699,5560309333336506479,P-Contradiction,MEDIUM,1,1,-3.9830,-0.3750,-0.4481,0,0,1,0
RB-NQ_gpt_-3563945110717053326_P-Contradiction_LOW_754df3ab_2970,-3563945110717053326,P-Contradiction,LOW,0,4,-3.0903,-2.0000,-1.0728,0,0,1,0
RB-NQ_deepseek_3368186292408394314_P-Ambiguity_LOW_bd644693_2084,3368186292408394314,P-Ambiguity,LOW,0,4,-3.1523,0.2500,6.0738,0,0,1,1
RB-NQ_gpt_8282063117132135457_P-Contradiction_LOW_4851f33a_2544,8282063117132135457,P-Contradiction,LOW,0,4,-7.7941,-7.1250,0.9777,0,0,0,1
RB-NQ_gpt_867176429412490099_P-Contradiction_HIGH_6ed6222d_2728,867176429412490099,P-Contradiction,HIGH,1,0,4.3999,9.7500,4.6679,1,1,1,1
RB-NQ_gpt_6608141013475408306_P-Ambiguity_LOW_fbbddfcb_3278,6608141013475408306,P-Ambiguity,LOW,0,0,-10.5288,-13.3750,-1.8942,0,0,0,0
RB-NQ_nova_-9097447514182117784_P-Contradiction_HIGH_90edb27f_4100,-9097447514182117784,P-Contradiction,HIGH,1,2,-4.2838,3.3750,3.4266,0,0,1,1
RB-NQ_deepseek_-4481086743458136206_P-Contradiction_LOW_be7b711b_1701,-4481086743458136206,P-Contradiction,LOW,0,1,-1.0615,-2.1250,1.1294,0,1,1,1
RB-NQ_gpt_-8631190913794477985_P-Contradiction_LOW_2ee909b4_2339,-8631190913794477985,P-Contradiction,LOW,0,4,-2.1856,-0.1250,-1.1107,0,1,1,0
RB-NQ_claude_4925057086725798331_P-Contradiction_MEDIUM_29a1698b_1147,4925057086725798331,P-Contradiction,MEDIUM,1,3,-1.9051,3.3750,1.8503,0,1,1,1
RB-NQ_claude_-9097447514182117784_P-Contradiction_HIGH_8f10ff96_0705,-9097447514182117784,P-Contradiction,HIGH,1,2,-0.7203,8.3750,3.4204,0,1,1,1
RB-NQ_nova_3368186292408394314_P-GranularityMismatch_LOW_69b1d5ec_4415,3368186292408394314,P-GranularityMismatch,LOW,0,4,-3.8074,-4.3750,3.0166,0,0,0,1
RB-NQ_nova_7439208340888264395_P-Ambiguity_MEDIUM_3a280fbf_4377,7439208340888264395,P-Ambiguity,MEDIUM,1,2,-6.9197,-8.1250,0.1469,0,0,0,0
RB-NQ_claude_-4173780285858774112_P-GranularityMismatch_LOW_21268173_0515,-4173780285858774112,P-GranularityMismatch,LOW,0,2,-4.7258,-7.8750,-1.2490,0,0,0,0
RB-NQ_deepseek_2202689210581594515_P-MissingInfo_MEDIUM_820868d3_1567,2202689210581594515,P-MissingInfo,MEDIUM,1,3,-0.2191,-3.0000,4.2052,0,1,0,1
RB-NQ_claude_-7729388021714760854_P-Ambiguity_MEDIUM_70f9e03d_0870,-7729388021714760854,P-Ambiguity,MEDIUM,1,3,-5.4076,-6.5000,-3.2080,0,0,0,0
RB-NQ_nova_7439208340888264395_P-Contradiction_MEDIUM_00d3fd05_4379,7439208340888264395,P-Contradiction,MEDIUM,1,2,-4.5570,0.8750,4.0705,0,0,1,1
RB-NQ_deepseek_5533906981191706877_P-Ambiguity_HIGH_b8db019d_1372,5533906981191706877,P-Ambiguity,HIGH,1,2,-1.8272,-6.8750,-1.5240,0,0,0,0
RB-NQ_nova_-458159261891926107_P-Contradiction_LOW_e2d5f021_4013,-458159261891926107,P-Contradiction,LOW,0,0,-1.6924,-3.3750,-0.1537,0,0,0,0
RB-NQ_gpt_5911119091653953181_P-Ambiguity_LOW_b60a4c60_2431,5911119091653953181,P-Ambiguity,LOW,0,3,-2.6498,-2.3750,-0.2710,0,0,1,0
RB-NQ_nova_1725103917763203519_P-Ambiguity_LOW_e1ad9331_4387,1725103917763203519,P-Ambiguity,LOW,0,3,-2.8047,-7.2500,-0.7423,0,0,0,0
RB-NQ_claude_5911119091653953181_P-Ambiguity_HIGH_a7ae85a6_0196,5911119091653953181,P-Ambiguity,HIGH,1,3,-4.3542,-6.1250,-0.9962,0,0,0,0
RB-NQ_nova_-1932118074616697613_P-GranularityMismatch_MEDIUM_37a85e31_4470,-1932118074616697613,P-GranularityMismatch,MEDIUM,1,1,-0.5200,4.2500,2.7439,0,1,1,1
RB-NQ_nova_-8964430330382911432_P-Contradiction_MEDIUM_af3c0efc_4120,-8964430330382911432,P-Contradiction,MEDIUM,1,4,-6.6598,-8.8750,-3.2103,0,0,0,0
RB-NQ_nova_3368186292408394314_P-Contradiction_LOW_a9f8542e_4408,3368186292408394314,P-Contradiction,LOW,0,4,-0.9486,2.8750,8.8114,0,1,1,1
RB-NQ_deepseek_-2060506905455252030_P-MissingInfo_LOW_00d6999f_1459,-2060506905455252030,P-MissingInfo,LOW,0,2,-5.1763,-10.5000,-2.8304,0,0,0,0
RB-NQ_gpt_-7729388021714760854_P-Contradiction_LOW_eb70330b_3087,-7729388021714760854,P-Contradiction,LOW,0,3,-5.4757,-4.1250,-3.9774,0,0,0,0
RB-NQ_claude_3368186292408394314_P-EpistemicMismatch_LOW_873412f2_1141,3368186292408394314,P-EpistemicMismatch,LOW,0,4,-4.9872,-10.3750,4.9799,0,0,0,1
RB-NQ_claude_3368186292408394314_P-GranularityMismatch_HIGH_5e20814d_1140,3368186292408394314,P-GranularityMismatch,HIGH,1,4,5.4039,7.8750,9.3391,1,1,1,1
RB-NQ_deepseek_3368186292408394314_P-FalsePremise_HIGH_171b2b46_2089,3368186292408394314,P-FalsePremise,HIGH,1,4,5.0923,8.7500,7.1561,1,1,1,1
RB-NQ_gpt_3368186292408394314_P-EpistemicMismatch_MEDIUM_c14f4c7e_3359,3368186292408394314,P-EpistemicMismatch,MEDIUM,1,4,2.0949,6.8750,11.5661,1,1,1,1
RB-NQ_nova_-2060506905455252030_P-MissingInfo_HIGH_06cb0f85_3669,-2060506905455252030,P-MissingInfo,HIGH,1,2,-5.4499,-11.0000,-2.8393,0,0,0,0
RB-NQ_nova_-2060506905455252030_P-MissingInfo_MEDIUM_06cb0f85_3668,-2060506905455252030,P-MissingInfo,MEDIUM,1,2,-5.4499,-11.0000,-2.8393,0,0,0,0
RB-NQ_nova_3368186292408394314_P-FalsePremise_MEDIUM_c8359c47_4413,3368186292408394314,P-FalsePremise,MEDIUM,1,4,-1.7916,2.8750,6.7342,0,1,1,1
RB-NQ_nova_3368186292408394314_P-GranularityMismatch_HIGH_e487adda_4416,3368186292408394314,P-GranularityMismatch,HIGH,1,4,6.4420,11.0000,11.3342,1,1,1,1
RB-NQ_gpt_3368186292408394314_P-GranularityMismatch_MEDIUM_5156f45d_3356,3368186292408394314,P-GranularityMismatch,MEDIUM,1,4,3.7346,8.6250,11.5914,1,1,1,1
RB-NQ_deepseek_3368186292408394314_P-GranularityMismatch_HIGH_6bfa3c7b_2090,3368186292408394314,P-GranularityMismatch,HIGH,1,4,5.2032,10.5000,11.2119,1,1,1,1
RB-NQ_claude_6608141013475408306_P-EpistemicMismatch_MEDIUM_489b3f37_1076,6608141013475408306,P-EpistemicMismatch,MEDIUM,1,0,-8.2982,-9.5000,-1.9949,0,0,0,0
RB-NQ_claude_6608141013475408306_P-FalsePremise_HIGH_419670b7_1072,6608141013475408306,P-FalsePremise,HIGH,1,0,-0.2748,1.1250,1.4017,0,1,1,1
RB-NQ_deepseek_8282063117132135457_P-Contradiction_HIGH_ccef488b_1576,8282063117132135457,P-Contradiction,HIGH,1,4,-2.7814,5.0000,6.0935,0,0,1,1
RB-NQ_gpt_4925057086725798331_P-Contradiction_LOW_b913ccec_3362,4925057086725798331,P-Contradiction,LOW,0,3,-3.0694,0.6250,-1.8140,0,0,1,0
RB-NQ_deepseek_6608141013475408306_P-EpistemicMismatch_HIGH_8886413e_2047,6608141013475408306,P-EpistemicMismatch,HIGH,1,0,-4.1902,-1.0000,-1.4095,0,0,1,0
RB-NQ_deepseek_6608141013475408306_P-FalsePremise_HIGH_04fbaf4a_2043,6608141013475408306,P-FalsePremise,HIGH,1,0,2.1027,7.1250,4.0099,1,1,1,1
RB-NQ_claude_6608141013475408306_P-GranularityMismatch_MEDIUM_ff498a26_1074,6608141013475408306,P-GranularityMismatch,MEDIUM,1,0,-0.4158,3.3750,2.2186,0,1,1,1
RB-NQ_deepseek_-4879672631592131847_P-MissingInfo_LOW_b5eda8fb_1790,-4879672631592131847,P-MissingInfo,LOW,0,1,-7.9517,-4.8750,-2.4953,0,0,0,0
RB-NQ_deepseek_6608141013475408306_P-GranularityMismatch_LOW_6e0c4d45_2044,6608141013475408306,P-GranularityMismatch,LOW,0,0,-10.1740,-12.3750,-2.6618,0,0,0,0
RB-NQ_gpt_-4481086743458136206_P-Contradiction_LOW_0ef195ec_2752,-4481086743458136206,P-Contradiction,LOW,0,1,-1.5560,-1.7500,0.9269,0,1,1,1
RB-NQ_gpt_6608141013475408306_P-EpistemicMismatch_HIGH_72e8b5a9_3292,6608141013475408306,P-EpistemicMismatch,HIGH,1,0,-1.1556,-3.3750,2.1551,0,1,0,1
RB-NQ_nova_-9097447514182117784_P-Ambiguity_HIGH_e1eaa75b_4097,-9097447514182117784,P-Ambiguity,HIGH,1,2,-6.7408,-9.1250,-1.2702,0,0,0,0
RB-NQ_gpt_-1932118074616697613_P-Contradiction_MEDIUM_214269db_3413,-1932118074616697613,P-Contradiction,MEDIUM,1,1,0.6618,7.8750,3.5999,1,1,1,1
RB-NQ_gpt_-9169976182548289414_P-Contradiction_LOW_7e3263e1_2304,-9169976182548289414,P-Contradiction,LOW,0,3,-7.0891,-8.7500,-3.1329,0,0,0,0
RB-NQ_claude_4359809240674669371_P-FalsePremise_HIGH_0d29f0cd_1323,4359809240674669371,P-FalsePremise,HIGH,1,1,2.9124,3.1250,2.1026,1,1,1,1
RB-NQ_claude_4359809240674669371_P-FalsePremise_MEDIUM_1673ff66_1322,4359809240674669371,P-FalsePremise,MEDIUM,1,1,-6.5994,-9.1250,-2.0436,0,0,0,0
RB-NQ_deepseek_4359809240674669371_P-EpistemicMismatch_HIGH_81f6e5b6_2209,4359809240674669371,P-EpistemicMismatch,HIGH,1,1,1.5340,1.8750,4.6058,1,1,1,1
RB-NQ_gpt_-4879672631592131847_P-MissingInfo_MEDIUM_11a41603_2877,-4879672631592131847,P-MissingInfo,MEDIUM,1,1,-6.1369,-0.3750,-1.7771,0,0,1,0
RB-NQ_gpt_4359809240674669371_P-FalsePremise_HIGH_3242400f_3520,4359809240674669371,P-FalsePremise,HIGH,1,1,-7.0517,-7.0000,0.7778,0,0,0,1
RB-NQ_nova_4359809240674669371_P-GranularityMismatch_LOW_4aa819dd_4547,4359809240674669371,P-GranularityMismatch,LOW,0,1,-9.9437,-11.8750,-1.8773,0,0,0,0
RB-NQ_deepseek_4359809240674669371_P-GranularityMismatch_LOW_3e379131_2208,4359809240674669371,P-GranularityMismatch,LOW,0,1,-9.7347,-11.8750,-2.4378,0,0,0,0
RB-NQ_nova_5560309333336506479_P-Ambiguity_MEDIUM_4b06497e_3906,5560309333336506479,P-Ambiguity,MEDIUM,1,1,-4.3707,-2.5000,-2.1898,0,0,1,0
RB-NQ_claude_-3803697286581502044_P-Ambiguity_MEDIUM_8a670fb8_1035,-3803697286581502044,P-Ambiguity,MEDIUM,1,0,-5.1400,-1.5000,2.0346,0,0,1,1
RB-NQ_claude_7493304116642628789_P-MissingInfo_HIGH_47a80251_1176,7493304116642628789,P-MissingInfo,HIGH,1,4,-1.6229,-4.8750,-0.9904,0,1,0,0
RB-NQ_nova_3368186292408394314_P-MissingInfo_LOW_405e296c_4411,3368186292408394314,P-MissingInfo,LOW,0,4,-1.9344,0.2500,6.3301,0,1,1,1
RB-NQ_nova_-3563945110717053326_P-Contradiction_LOW_619a509b_4128,-3563945110717053326,P-Contradiction,LOW,0,4,-4.7027,-5.2500,-0.6250,0,0,0,0
RB-NQ_deepseek_6608141013475408306_P-MissingInfo_LOW_d9455253_2041,6608141013475408306,P-MissingInfo,LOW,0,0,-7.9034,-8.5000,-2.2113,0,0,0,0
RB-NQ_deepseek_7439208340888264395_P-Ambiguity_HIGH_730a65c6_2061,7439208340888264395,P-Ambiguity,HIGH,1,2,-5.6935,-4.5000,0.0682,0,0,0,0
RB-NQ_gpt_6608141013475408306_P-MissingInfo_LOW_748d3925_3282,6608141013475408306,P-MissingInfo,LOW,0,0,-7.9034,-8.5000,-2.2113,0,0,0,0
RB-NQ_claude_-1367137361753059601_P-Contradiction_HIGH_67832657_0887,-1367137361753059601,P-Contradiction,HIGH,1,1,-4.7700,-6.3750,-0.4483,0,0,0,0
RB-NQ_deepseek_-9169976182548289414_P-Ambiguity_HIGH_76c5447f_1408,-9169976182548289414,P-Ambiguity,HIGH,1,3,-6.8384,-7.8750,-2.8421,0,0,0,0
RB-NQ_claude_4359809240674669371_P-MissingInfo_HIGH_c7d8ede5_1320,4359809240674669371,P-MissingInfo,HIGH,1,1,-5.5432,-10.0000,0.8402,0,0,0,1
RB-NQ_deepseek_7610758795954724809_P-Contradiction_HIGH_a4bc0d1f_1523,7610758795954724809,P-Contradiction,HIGH,1,4,-5.7323,-3.7500,1.1879,0,0,1,1
RB-NQ_nova_-4173780285858774112_P-MissingInfo_MEDIUM_0d021aae_3939,-4173780285858774112,P-MissingInfo,MEDIUM,1,2,-2.4684,-5.1250,-0.6032,0,0,0,0
RB-NQ_nova_7439208340888264395_P-Contradiction_LOW_5a34bb5a_4378,7439208340888264395,P-Contradiction,LOW,0,2,-7.0970,-5.0000,1.3698,0,0,0,1
RB-NQ_claude_-9169976182548289414_P-Ambiguity_MEDIUM_3ccc5975_0058,-9169976182548289414,P-Ambiguity,MEDIUM,1,3,2.0029,7.5000,-0.5658,1,1,1,0
RB-NQ_nova_-2060506905455252030_P-MissingInfo_LOW_81516059_3667,-2060506905455252030,P-MissingInfo,LOW,0,2,-5.2068,-11.7500,-2.8215,0,0,0,0
RB-NQ_claude_-204697481439605710_P-Contradiction_HIGH_dea006fb_1012,-204697481439605710,P-Contradiction,HIGH,1,3,-2.2793,5.5000,5.4158,0,1,1,1
RB-NQ_claude_8282063117132135457_P-GranularityMismatch_LOW_16791969_0320,8282063117132135457,P-GranularityMismatch,LOW,0,4,-8.9717,-10.8750,0.0490,0,0,0,0
RB-NQ_nova_-4173780285858774112_P-EpistemicMismatch_LOW_db834894_3944,-4173780285858774112,P-EpistemicMismatch,LOW,0,2,-4.6116,-8.2500,-1.2883,0,0,0,0
RB-NQ_nova_-4173780285858774112_P-FalsePremise_LOW_b1621d64_3941,-4173780285858774112,P-FalsePremise,LOW,0,2,-3.8420,-3.5000,0.1582,0,0,0,0
RB-NQ_nova_-4173780285858774112_P-GranularityMismatch_LOW_a7074c79_3943,-4173780285858774112,P-GranularityMismatch,LOW,0,2,-3.1742,-8.3750,-1.1454,0,0,0,0
RB-NQ_deepseek_-9169976182548289414_P-EpistemicMismatch_LOW_e2821d76_1417,-9169976182548289414,P-EpistemicMismatch,LOW,0,3,-6.1194,-12.3750,-3.9521,0,0,0,0
RB-NQ_deepseek_4925057086725798331_P-Contradiction_LOW_077b733d_2094,4925057086725798331,P-Contradiction,LOW,0,3,-1.3653,0.1250,-1.7249,0,1,1,0
RB-NQ_gpt_-4173780285858774112_P-GranularityMismatch_HIGH_62fe805d_2748,-4173780285858774112,P-GranularityMismatch,HIGH,1,2,6.4488,11.5000,3.7296,1,1,1,1
RB-NQ_gpt_-4173780285858774112_P-Ambiguity_LOW_9fa1be7f_2738,-4173780285858774112,P-Ambiguity,LOW,0,2,-5.7572,-8.5000,-1.1236,0,0,0,0
RB-NQ_gpt_-4173780285858774112_P-EpistemicMismatch_HIGH_eab2da97_2751,-4173780285858774112,P-EpistemicMismatch,HIGH,1,2,0.5820,-2.1250,1.9673,1,1,1,1
RB-NQ_gpt_-4173780285858774112_P-EpistemicMismatch_MEDIUM_ec9e6411_2750,-4173780285858774112,P-EpistemicMismatch,MEDIUM,1,2,-0.4190,2.8750,3.5133,0,1,1,1
RB-NQ_gpt_-4173780285858774112_P-GranularityMismatch_LOW_93f63f29_2746,-4173780285858774112,P-GranularityMismatch,LOW,0,2,-5.5557,-9.8750,-1.7260,0,0,0,0
RB-NQ_deepseek_-3563945110717053326_P-Contradiction_LOW_44e3aa91_1842,-3563945110717053326,P-Contradiction,LOW,0,4,-1.8584,0.7500,-0.0982,0,1,1,0
RB-NQ_gpt_5911119091653953181_P-Ambiguity_MEDIUM_4532d9e2_2432,5911119091653953181,P-Ambiguity,MEDIUM,1,3,-6.6179,-8.0000,-1.9746,0,0,0,0
RB-NQ_nova_-8631190913794477985_P-EpistemicMismatch_HIGH_9ba94c49_3646,-8631190913794477985,P-EpistemicMismatch,HIGH,1,4,3.3187,7.8750,5.5035,1,1,1,1
RB-NQ_nova_-8631190913794477985_P-FalsePremise_MEDIUM_e4ba017b_3642,-8631190913794477985,P-FalsePremise,MEDIUM,1,4,2.5666,5.0000,3.5764,1,1,1,1
RB-NQ_deepseek_7493304116642628789_P-Ambiguity_MEDIUM_137768a7_2116,7493304116642628789,P-Ambiguity,MEDIUM,1,4,0.3387,0.8750,2.5541,1,1,1,1
RB-NQ_nova_-204697481439605710_P-Ambiguity_HIGH_dd58c74c_4314,-204697481439605710,P-Ambiguity,HIGH,1,3,-6.3298,-2.8750,0.8286,0,0,1,0
RB-NQ_nova_-8631190913794477985_P-GranularityMismatch_LOW_e80866f1_3644,-8631190913794477985,P-GranularityMismatch,LOW,0,4,-0.7617,1.7500,1.3470,0,1,1,1
RB-NQ_claude_-8631190913794477985_P-EpistemicMismatch_MEDIUM_ccb78720_0109,-8631190913794477985,P-EpistemicMismatch,MEDIUM,1,4,2.6395,4.2500,10.1128,1,1,1,1
RB-NQ_claude_-8631190913794477985_P-FalsePremise_MEDIUM_79057f7c_0106,-8631190913794477985,P-FalsePremise,MEDIUM,1,4,1.6610,6.2500,3.1088,1,1,1,1
RB-NQ_deepseek_-8631190913794477985_P-FalsePremise_MEDIUM_8f9976fc_1438,-8631190913794477985,P-FalsePremise,MEDIUM,1,4,1.7686,6.6250,4.1360,1,1,1,1
RB-NQ_gpt_-204697481439605710_P-Contradiction_HIGH_7a533fee_3226,-204697481439605710,P-Contradiction,HIGH,1,3,-4.5922,2.0000,4.4276,0,0,1,1
RB-NQ_nova_-8631190913794477985_P-FalsePremise_HIGH_92a9d7ac_3643,-8631190913794477985,P-FalsePremise,HIGH,1,4,5.4246,8.6250,6.7121,1,1,1,1
RB-NQ_nova_5560309333336506479_P-Contradiction_MEDIUM_ec0b04df_3908,5560309333336506479,P-Contradiction,MEDIUM,1,1,-3.1516,2.5000,-0.3639,0,0,1,0
RB-NQ_nova_-6737486169677690795_P-GranularityMismatch_MEDIUM_f95b19e2_4311,-6737486169677690795,P-GranularityMismatch,MEDIUM,1,2,1.0481,1.5000,1.6957,1,1,1,1
RB-NQ_deepseek_-8631190913794477985_P-EpistemicMismatch_MEDIUM_787457d3_1440,-8631190913794477985,P-EpistemicMismatch,MEDIUM,1,4,1.6104,4.8750,6.1342,1,1,1,1
RB-NQ_gpt_-9169976182548289414_P-Ambiguity_MEDIUM_217ae589_2303,-9169976182548289414,P-Ambiguity,MEDIUM,1,3,-2.9111,2.6250,-2.4853,0,0,1,0
RB-NQ_nova_-918571312056093750_P-Contradiction_MEDIUM_09eb09dd_4533,-918571312056093750,P-Contradiction,MEDIUM,1,0,-3.9544,0.0000,2.3870,0,0,1,1
RB-NQ_gpt_-8631190913794477985_P-MissingInfo_HIGH_4c291eaf_2343,-8631190913794477985,P-MissingInfo,HIGH,1,4,-0.4610,2.6250,2.7638,0,1,1,1
RB-NQ_claude_867176429412490099_P-GranularityMismatch_MEDIUM_ad7d87ec_0503,867176429412490099,P-GranularityMismatch,MEDIUM,1,0,-1.0552,3.1250,2.3741,0,1,1,1
RB-NQ_gpt_7439208340888264395_P-EpistemicMismatch_LOW_860432c3_3321,7439208340888264395,P-EpistemicMismatch,LOW,0,2,-6.1137,-14.2500,-2.7416,0,0,0,0
RB-NQ_claude_-1367137361753059601_P-Contradiction_MEDIUM_5a5c87b0_0886,-1367137361753059601,P-Contradiction,MEDIUM,1,1,1.9168,8.6250,3.1680,1,1,1,1
RB-NQ_claude_2642993931001870696_P-MissingInfo_HIGH_bf645558_0563,2642993931001870696,P-MissingInfo,HIGH,1,2,-3.6092,-6.5000,0.2762,0,0,0,0
RB-NQ_deepseek_5911119091653953181_P-MissingInfo_MEDIUM_a9c6b7e9_1492,5911119091653953181,P-MissingInfo,MEDIUM,1,3,-5.8483,-8.8750,-1.1262,0,0,0,0
RB-NQ_gpt_-3563945110717053326_P-GranularityMismatch_MEDIUM_1d0ef34a_2978,-3563945110717053326,P-GranularityMismatch,MEDIUM,1,4,2.7356,2.3750,6.9442,1,1,1,1
RB-NQ_gpt_-4173780285858774112_P-MissingInfo_LOW_6dfbd3af_2741,-4173780285858774112,P-MissingInfo,LOW,0,2,-5.0699,-10.2500,-1.6841,0,0,0,0
RB-NQ_nova_-3803697286581502044_P-MissingInfo_LOW_d256f294_4339,-3803697286581502044,P-MissingInfo,LOW,0,0,-5.6135,-8.6250,-2.3259,0,0,0,0
RB-NQ_nova_-6737486169677690795_P-Ambiguity_HIGH_8dfbbb3d_4304,-6737486169677690795,P-Ambiguity,HIGH,1,2,-4.1426,-7.6250,-0.2392,0,0,0,0
RB-NQ_claude_5911119091653953181_P-Ambiguity_LOW_9a479b56_0194,5911119091653953181,P-Ambiguity,LOW,0,3,0.9358,-4.0000,0.9950,1,1,0,0
RB-NQ_claude_5911119091653953181_P-FalsePremise_MEDIUM_70e23d3a_0203,5911119091653953181,P-FalsePremise,MEDIUM,1,3,2.7178,-2.3750,3.9991,1,1,1,1
RB-NQ_gpt_5911119091653953181_P-FalsePremise_LOW_ba42ec3a_2437,5911119091653953181,P-FalsePremise,LOW,0,3,-3.5897,-4.2500,-2.0708,0,0,0,0
RB-NQ_nova_5911119091653953181_P-EpistemicMismatch_LOW_9707f97b_3716,5911119091653953181,P-EpistemicMismatch,LOW,0,3,-4.9163,-5.6250,-1.5518,0,0,0,0
RB-NQ_gpt_-4283464153717448291_P-FalsePremise_HIGH_1954a7e7_3381,-4283464153717448291,P-FalsePremise,HIGH,1,2,-1.3239,-2.8750,0.5747,0,0,0,1
RB-NQ_gpt_-4283464153717448291_P-FalsePremise_LOW_47fe62bd_3380,-4283464153717448291,P-FalsePremise,LOW,0,2,0.8639,-1.8750,-0.3472,1,1,1,0
RB-NQ_nova_-4283464153717448291_P-EpistemicMismatch_MEDIUM_63d78019_4439,-4283464153717448291,P-EpistemicMismatch,MEDIUM,1,2,-3.5505,-3.7500,0.0859,0,0,0,0
RB-NQ_nova_-4283464153717448291_P-FalsePremise_HIGH_6e4061a2_4436,-4283464153717448291,P-FalsePremise,HIGH,1,2,0.5419,8.3750,2.4995,1,1,1,1
RB-NQ_nova_-4283464153717448291_P-FalsePremise_LOW_54b6dee0_4435,-4283464153717448291,P-FalsePremise,LOW,0,2,-2.9370,-4.8750,-0.4478,0,0,0,0
RB-NQ_claude_2642993931001870696_P-EpistemicMismatch_MEDIUM_d18a3ad2_0570,2642993931001870696,P-EpistemicMismatch,MEDIUM,1,2,1.5968,-3.7500,2.1538,1,1,0,1
RB-NQ_claude_2642993931001870696_P-GranularityMismatch_LOW_e1df5baa_0567,2642993931001870696,P-GranularityMismatch,LOW,0,2,-10.0889,-12.2500,-2.7288,0,0,0,0
RB-NQ_claude_4359809240674669371_P-MissingInfo_LOW_60504227_1318,4359809240674669371,P-MissingInfo,LOW,0,1,-9.3528,-12.2500,-1.4518,0,0,0,0
RB-NQ_deepseek_-4283464153717448291_P-FalsePremise_LOW_ece44617_2110,-4283464153717448291,P-FalsePremise,LOW,0,2,-2.6617,-6.8750,-0.7626,0,0,0,0
RB-NQ_deepseek_-4283464153717448291_P-FalsePremise_MEDIUM_6b6c7fbf_2111,-4283464153717448291,P-FalsePremise,MEDIUM,1,2,1.9990,0.6250,0.2225,1,1,1,0
RB-NQ_deepseek_2642993931001870696_P-FalsePremise_LOW_a50789ff_1731,2642993931001870696,P-FalsePremise,LOW,0,2,-9.0872,-10.3750,-2.1793,0,0,0,0
RB-NQ_deepseek_5911119091653953181_P-FalsePremise_LOW_38e66c7c_1494,5911119091653953181,P-FalsePremise,LOW,0,3,-2.5470,-5.1250,-2.4044,0,1,0,0
RB-NQ_deepseek_5911119091653953181_P-FalsePremise_MEDIUM_a80fd99a_1495,5911119091653953181,P-FalsePremise,MEDIUM,1,3,0.9780,-2.5000,-0.1710,1,1,1,0
RB-NQ_deepseek_5911119091653953181_P-GranularityMismatch_HIGH_5d833045_1499,5911119091653953181,P-GranularityMismatch,HIGH,1,3,0.5439,-0.5000,0.9143,1,1,1,0
RB-NQ_deepseek_5911119091653953181_P-GranularityMismatch_MEDIUM_04c088ff_1498,5911119091653953181,P-GranularityMismatch,MEDIUM,1,3,-2.1490,-9.8750,0.7642,0,1,0,0
RB-NQ_deepseek_7493304116642628789_P-Contradiction_LOW_afcd567e_2117,7493304116642628789,P-Contradiction,LOW,0,4,-3.8370,-8.5000,-4.1547,0,0,0,0
RB-NQ_gpt_2642993931001870696_P-FalsePremise_HIGH_85551edf_2800,2642993931001870696,P-FalsePremise,HIGH,1,2,-3.3211,-6.1250,-0.1982,0,0,0,0
RB-NQ_gpt_5560309333336506479_P-Ambiguity_HIGH_15d34e6b_2697,5560309333336506479,P-Ambiguity,HIGH,1,1,-1.3646,2.8750,-0.2666,0,1,1,0
RB-NQ_gpt_5911119091653953181_P-EpistemicMismatch_HIGH_e71406b0_2444,5911119091653953181,P-EpistemicMismatch,HIGH,1,3,0.8969,-1.6250,2.8095,1,1,1,1
RB-NQ_gpt_5911119091653953181_P-FalsePremise_MEDIUM_e0b1e4f8_2438,5911119091653953181,P-FalsePremise,MEDIUM,1,3,-0.2445,-3.8750,3.1889,0,1,0,1
RB-NQ_gpt_5911119091653953181_P-GranularityMismatch_MEDIUM_619e65b5_2440,5911119091653953181,P-GranularityMismatch,MEDIUM,1,3,1.8442,1.8750,2.6503,1,1,1,1
RB-NQ_nova_2642993931001870696_P-EpistemicMismatch_MEDIUM_47c44f2b_3985,2642993931001870696,P-EpistemicMismatch,MEDIUM,1,2,-6.5979,-5.3750,0.1362,0,0,0,0
RB-NQ_nova_2642993931001870696_P-GranularityMismatch_HIGH_b37b7189_3984,2642993931001870696,P-GranularityMismatch,HIGH,1,2,-4.8147,-6.2500,0.3553,0,0,0,0
RB-NQ_deepseek_-4283464153717448291_P-Ambiguity_LOW_4f800c31_2105,-4283464153717448291,P-Ambiguity,LOW,0,2,-5.1395,-8.8750,-1.8286,0,0,0,0
RB-NQ_gpt_-4283464153717448291_P-Ambiguity_LOW_b90a3103_3374,-4283464153717448291,P-Ambiguity,LOW,0,2,-4.9264,-9.7500,-1.9163,0,0,0,0
RB-NQ_gpt_-4283464153717448291_P-EpistemicMismatch_HIGH_4950ae20_3387,-4283464153717448291,P-EpistemicMismatch,HIGH,1,2,3.1793,3.8750,3.8326,1,1,1,1
RB-NQ_gpt_-4283464153717448291_P-EpistemicMismatch_MEDIUM_e225e07e_3386,-4283464153717448291,P-EpistemicMismatch,MEDIUM,1,2,0.3791,-1.5000,1.0920,1,1,1,1
RB-NQ_gpt_4344803622779505142_P-Contradiction_HIGH_89e341ab_2613,4344803622779505142,P-Contradiction,HIGH,1,0,5.6637,8.5000,11.3843,1,1,1,1
RB-NQ_nova_-4621948696356225060_P-Contradiction_MEDIUM_f09bb654_3600,-4621948696356225060,P-Contradiction,MEDIUM,1,0,-0.5860,0.2500,0.4666,0,1,1,0
RB-NQ_claude_-4173780285858774112_P-MissingInfo_LOW_d7ecf473_0512,-4173780285858774112,P-MissingInfo,LOW,0,2,-4.2819,-8.8750,-1.4554,0,0,0,0
RB-NQ_claude_8282063117132135457_P-Contradiction_MEDIUM_274649f8_0313,8282063117132135457,P-Contradiction,MEDIUM,1,4,-7.3264,-3.7500,0.9324,0,0,1,1
RB-NQ_gpt_-1367137361753059601_P-Contradiction_MEDIUM_43d06bc6_3101,-1367137361753059601,P-Contradiction,MEDIUM,1,1,3.9784,7.5000,4.1341,1,1,1,1
RB-NQ_nova_7493304116642628789_P-Ambiguity_LOW_3aae816d_4441,7493304116642628789,P-Ambiguity,LOW,0,4,-3.6862,-7.3750,-1.8692,0,0,0,0
RB-NQ_claude_-1176280233636154422_P-GranularityMismatch_MEDIUM_ca1c7d0e_0190,-1176280233636154422,P-GranularityMismatch,MEDIUM,1,4,-1.0605,-5.2500,2.6525,0,1,0,1
RB-NQ_claude_-4481086743458136206_P-FalsePremise_HIGH_5e3b51fe_0529,-4481086743458136206,P-FalsePremise,HIGH,1,1,5.8835,0.5000,2.9748,1,1,1,1
RB-NQ_claude_-4481086743458136206_P-FalsePremise_MEDIUM_83065f55_0528,-4481086743458136206,P-FalsePremise,MEDIUM,1,1,3.0714,-0.6250,0.8636,1,1,1,1
RB-NQ_claude_-4481086743458136206_P-GranularityMismatch_LOW_acfa5c60_0530,-4481086743458136206,P-GranularityMismatch,LOW,0,1,-2.8187,-7.2500,0.8869,0,0,0,1
RB-NQ_gpt_-4481086743458136206_P-EpistemicMismatch_HIGH_364b38af_2764,-4481086743458136206,P-EpistemicMismatch,HIGH,1,1,0.3825,-4.5000,3.8602,1,1,0,1
RB-NQ_gpt_-4481086743458136206_P-FalsePremise_MEDIUM_13a5ac0a_2759,-4481086743458136206,P-FalsePremise,MEDIUM,1,1,0.9383,1.2500,0.8795,1,1,1,1
RB-NQ_nova_-4481086743458136206_P-EpistemicMismatch_LOW_dd7e8a51_3953,-4481086743458136206,P-EpistemicMismatch,LOW,0,1,-4.5536,-10.1250,1.1875,0,0,0,1
RB-NQ_nova_-4481086743458136206_P-EpistemicMismatch_MEDIUM_ab0bb65b_3954,-4481086743458136206,P-EpistemicMismatch,MEDIUM,1,1,-1.1857,-4.7500,1.4158,0,1,0,1
RB-NQ_nova_-4481086743458136206_P-FalsePremise_HIGH_66402749_3950,-4481086743458136206,P-FalsePremise,HIGH,1,1,3.1860,5.5000,0.8897,1,1,1,1
RB-NQ_deepseek_-4481086743458136206_P-FalsePremise_LOW_d611f4da_1704,-4481086743458136206,P-FalsePremise,LOW,0,1,3.8225,2.8750,0.8825,1,1,1,1
RB-NQ_deepseek_5911119091653953181_P-MissingInfo_HIGH_6f02e446_1493,5911119091653953181,P-MissingInfo,HIGH,1,3,-5.4250,-8.3750,-0.7489,0,0,0,0
RB-NQ_claude_4925057086725798331_P-Contradiction_LOW_9d380725_1146,4925057086725798331,P-Contradiction,LOW,0,3,-1.2947,0.7500,-0.8377,0,1,1,0
RB-NQ_deepseek_-4481086743458136206_P-EpistemicMismatch_MEDIUM_d18f37f0_1705,-4481086743458136206,P-EpistemicMismatch,MEDIUM,1,1,5.7570,7.2500,5.2906,1,1,1,1
RB-NQ_gpt_-4481086743458136206_P-EpistemicMismatch_MEDIUM_2efb28e0_2763,-4481086743458136206,P-EpistemicMismatch,MEDIUM,1,1,0.3617,-3.2500,3.1387,1,1,1,1
RB-NQ_gpt_-4481086743458136206_P-GranularityMismatch_HIGH_002de8fd_2762,-4481086743458136206,P-GranularityMismatch,HIGH,1,1,6.1808,12.0000,3.6377,1,1,1,1
RB-NQ_gpt_-4481086743458136206_P-GranularityMismatch_LOW_8d804731_2761,-4481086743458136206,P-GranularityMismatch,LOW,0,1,-5.0198,-12.0000,-0.9484,0,0,0,0
RB-NQ_claude_-1176280233636154422_P-Contradiction_MEDIUM_f4a6890b_0184,-1176280233636154422,P-Contradiction,MEDIUM,1,4,-5.1497,6.0000,14.2453,0,0,1,1
RB-NQ_claude_7493304116642628789_P-GranularityMismatch_LOW_606fe4ef_1180,7493304116642628789,P-GranularityMismatch,LOW,0,4,-2.7774,-6.8750,-4.0016,0,0,0,0
RB-NQ_gpt_4359809240674669371_P-MissingInfo_MEDIUM_e3f96a1b_3516,4359809240674669371,P-MissingInfo,MEDIUM,1,1,-3.8446,-4.5000,-0.5555,0,0,0,0
RB-NQ_deepseek_-2321556715412254267_P-Contradiction_HIGH_0de4d7c7_1749,-2321556715412254267,P-Contradiction,HIGH,1,4,-9.3839,-3.6250,6.6405,0,0,1,1
RB-NQ_nova_4359809240674669371_P-MissingInfo_HIGH_a58ed7f5_4544,4359809240674669371,P-MissingInfo,HIGH,1,1,-3.7794,-4.8750,-0.4598,0,0,0,0
RB-NQ_nova_-8366545547296627039_P-Ambiguity_HIGH_93376c17_3551,-8366545547296627039,P-Ambiguity,HIGH,1,0,-5.2609,-7.5000,-0.6088,0,0,0,0
RB-NQ_claude_-458159261891926107_P-Ambiguity_LOW_3427465e_0600,-458159261891926107,P-Ambiguity,LOW,0,0,2.6926,2.2500,3.3770,1,1,1,1
RB-NQ_claude_-458159261891926107_P-GranularityMismatch_LOW_76b4803d_0610,-458159261891926107,P-GranularityMismatch,LOW,0,0,-1.0575,-1.7500,1.8193,0,1,1,1
RB-NQ_deepseek_-458159261891926107_P-EpistemicMismatch_HIGH_355bc5f0_1766,-458159261891926107,P-EpistemicMismatch,HIGH,1,0,3.7986,12.5000,1.1409,1,1,1,1
RB-NQ_deepseek_-458159261891926107_P-FalsePremise_HIGH_79ba1a1a_1763,-458159261891926107,P-FalsePremise,HIGH,1,0,2.3259,1.8750,2.3601,1,1,1,1
RB-NQ_gpt_-458159261891926107_P-FalsePremise_MEDIUM_57ca0082_2839,-458159261891926107,P-FalsePremise,MEDIUM,1,0,2.3777,2.3750,5.7251,1,1,1,1
RB-NQ_nova_-458159261891926107_P-FalsePremise_MEDIUM_33645350_4019,-458159261891926107,P-FalsePremise,MEDIUM,1,0,5.3115,5.5000,2.3970,1,1,1,1
RB-NQ_nova_-458159261891926107_P-GranularityMismatch_HIGH_5453218b_4021,-458159261891926107,P-GranularityMismatch,HIGH,1,0,4.5259,10.5000,5.7437,1,1,1,1
RB-NQ_deepseek_-458159261891926107_P-FalsePremise_MEDIUM_8d37a031_1762,-458159261891926107,P-FalsePremise,MEDIUM,1,0,3.0497,7.8750,2.8716,1,1,1,1
RB-NQ_nova_-918571312056093750_P-Contradiction_HIGH_249b34f6_4534,-918571312056093750,P-Contradiction,HIGH,1,0,-3.3866,1.2500,3.3992,0,0,1,1
RB-NQ_claude_-7729388021714760854_P-EpistemicMismatch_HIGH_d4982cd0_0882,-7729388021714760854,P-EpistemicMismatch,HIGH,1,3,-0.3389,-1.5000,2.1769,0,1,1,1
RB-NQ_claude_-7729388021714760854_P-EpistemicMismatch_MEDIUM_e5f9810e_0881,-7729388021714760854,P-EpistemicMismatch,MEDIUM,1,3,4.9515,5.1250,3.7211,1,1,1,1
RB-NQ_deepseek_-458159261891926107_P-GranularityMismatch_HIGH_e3f5a26c_1764,-458159261891926107,P-GranularityMismatch,HIGH,1,0,3.3108,7.7500,2.4895,1,1,1,1
RB-NQ_deepseek_-7729388021714760854_P-EpistemicMismatch_HIGH_03135acd_1930,-7729388021714760854,P-EpistemicMismatch,HIGH,1,3,0.2244,-1.2500,4.8024,1,1,1,1
RB-NQ_gpt_-458159261891926107_P-GranularityMismatch_LOW_4b3f8ba8_2841,-458159261891926107,P-GranularityMismatch,LOW,0,0,3.6653,5.5000,2.7548,1,1,1,1
RB-NQ_gpt_-7729388021714760854_P-FalsePremise_LOW_6bb67dc0_3093,-7729388021714760854,P-FalsePremise,LOW,0,3,0.4486,-0.1250,-3.1880,1,1,1,0
RB-NQ_nova_-7729388021714760854_P-EpistemicMismatch_HIGH_006f41c4_4220,-7729388021714760854,P-EpistemicMismatch,HIGH,1,3,5.0829,7.6250,8.6189,1,1,1,1
RB-NQ_nova_-9169976182548289414_P-Contradiction_LOW_166c2464_3607,-9169976182548289414,P-Contradiction,LOW,0,3,-5.1167,-5.3750,-2.6072,0,0,0,0
RB-NQ_deepseek_-7729388021714760854_P-Ambiguity_LOW_e9293d93_1923,-7729388021714760854,P-Ambiguity,LOW,0,3,-5.7283,-7.0000,-3.8831,0,0,0,0
RB-NQ_deepseek_-7729388021714760854_P-GranularityMismatch_HIGH_124bb76e_1929,-7729388021714760854,P-GranularityMismatch,HIGH,1,3,1.4025,3.1250,-0.3905,1,1,1,0
RB-NQ_deepseek_5874093358022821909_P-Contradiction_LOW_347000f8_1768,5874093358022821909,P-Contradiction,LOW,0,1,-3.0000,-7.8750,-1.0934,0,0,0,0
RB-NQ_gpt_-7729388021714760854_P-EpistemicMismatch_LOW_4ceca428_3097,-7729388021714760854,P-EpistemicMismatch,LOW,0,3,-3.6664,-0.8750,-5.0013,0,0,1,0
RB-NQ_gpt_-7729388021714760854_P-EpistemicMismatch_MEDIUM_6e72f6ce_3098,-7729388021714760854,P-EpistemicMismatch,MEDIUM,1,3,1.4148,-1.2500,5.6048,1,1,1,1
RB-NQ_nova_-6737486169677690795_P-MissingInfo_MEDIUM_7cdde7d1_4307,-6737486169677690795,P-MissingInfo,MEDIUM,1,2,2.4486,4.5000,2.8686,1,1,1,1
RB-NQ_nova_5911119091653953181_P-MissingInfo_MEDIUM_df64a29e_3711,5911119091653953181,P-MissingInfo,MEDIUM,1,3,-3.6777,-7.2500,0.0820,0,0,0,0
RB-NQ_nova_7610758795954724809_P-Contradiction_MEDIUM_b74c9ea3_3747,7610758795954724809,P-Contradiction,MEDIUM,1,4,3.9679,8.5000,1.7403,1,1,1,1
RB-NQ_claude_-7729388021714760854_P-GranularityMismatch_LOW_21545301_0878,-7729388021714760854,P-GranularityMismatch,LOW,0,3,-5.4692,-6.2500,-3.8374,0,0,0,0
RB-NQ_deepseek_-5299749370232228058_P-Contradiction_MEDIUM_6c54b84f_2159,-5299749370232228058,P-Contradiction,MEDIUM,1,0,-5.7900,-7.6250,2.3566,0,0,0,1
RB-NQ_nova_-458159261891926107_P-MissingInfo_MEDIUM_c45ce394_4016,-458159261891926107,P-MissingInfo,MEDIUM,1,0,0.0380,-1.2500,1.3037,1,1,1,1
RB-NQ_claude_-5519267321423308172_P-Contradiction_MEDIUM_d088670b_0759,-5519267321423308172,P-Contradiction,MEDIUM,1,3,-0.1285,6.2500,3.3655,0,1,1,1
RB-NQ_gpt_-204697481439605710_P-Contradiction_LOW_057ac946_3224,-204697481439605710,P-Contradiction,LOW,0,3,-7.2516,-4.6250,-2.6554,0,0,0,0
RB-NQ_nova_-4283464153717448291_P-MissingInfo_MEDIUM_332436aa_4434,-4283464153717448291,P-MissingInfo,MEDIUM,1,2,-1.7294,-4.7500,-0.9883,0,0,0,0
RB-NQ_claude_3616632103136384232_P-EpistemicMismatch_MEDIUM_8db223f8_1288,3616632103136384232,P-EpistemicMismatch,MEDIUM,1,3,-2.7745,-13.2500,-0.3151,0,0,0,0
RB-NQ_gpt_-3655952387338820756_P-Contradiction_HIGH_c7f6c85e_2861,-3655952387338820756,P-Contradiction,HIGH,1,0,-0.2379,4.7500,3.0464,0,1,1,1
RB-NQ_gpt_3616632103136384232_P-FalsePremise_MEDIUM_d96a8e10_3479,3616632103136384232,P-FalsePremise,MEDIUM,1,3,-4.1694,-10.6250,2.8072,0,0,0,1
RB-NQ_nova_3616632103136384232_P-EpistemicMismatch_HIGH_bafa1c26_4520,3616632103136384232,P-EpistemicMismatch,HIGH,1,3,-2.5527,-4.1250,1.5281,0,1,0,1
RB-NQ_deepseek_-1367137361753059601_P-Contradiction_MEDIUM_1e9a700a_1931,-1367137361753059601,P-Contradiction,MEDIUM,1,1,3.8026,8.5000,4.3142,1,1,1,1
RB-NQ_deepseek_3616632103136384232_P-EpistemicMismatch_HIGH_2d16d8fa_2184,3616632103136384232,P-EpistemicMismatch,HIGH,1,3,1.4187,4.0000,3.4910,1,1,1,1
RB-NQ_deepseek_3616632103136384232_P-EpistemicMismatch_LOW_7d504b7c_2183,3616632103136384232,P-EpistemicMismatch,LOW,0,3,-5.6452,-13.0000,-5.1659,0,0,0,0
RB-NQ_deepseek_8730028009751947933_P-Contradiction_MEDIUM_0fa45c04_2186,8730028009751947933,P-Contradiction,MEDIUM,1,0,-1.4122,10.1250,3.1009,0,0,1,1
RB-NQ_gpt_3616632103136384232_P-EpistemicMismatch_MEDIUM_4e8a2fbd_3484,3616632103136384232,P-EpistemicMismatch,MEDIUM,1,3,3.7214,6.1250,3.4079,1,1,1,1
RB-NQ_claude_-918571312056093750_P-Ambiguity_HIGH_b310b50e_1304,-918571312056093750,P-Ambiguity,HIGH,1,0,-4.3852,-5.5000,0.7318,0,0,0,1
RB-NQ_claude_3616632103136384232_P-FalsePremise_MEDIUM_0049f35d_1283,3616632103136384232,P-FalsePremise,MEDIUM,1,3,-2.7701,-11.3750,-2.0413,0,0,0,0
RB-NQ_claude_3616632103136384232_P-GranularityMismatch_MEDIUM_c18aef70_1286,3616632103136384232,P-GranularityMismatch,MEDIUM,1,3,-1.5767,0.8750,1.4680,0,1,1,1
RB-NQ_deepseek_3616632103136384232_P-GranularityMismatch_HIGH_f66bd8e6_2182,3616632103136384232,P-GranularityMismatch,HIGH,1,3,0.9300,-2.1250,0.5562,1,1,1,0
RB-NQ_deepseek_3616632103136384232_P-MissingInfo_HIGH_a6476418_2180,3616632103136384232,P-MissingInfo,HIGH,1,3,-2.5644,-10.0000,-1.4663,0,1,0,0
RB-NQ_nova_-1367137361753059601_P-Contradiction_MEDIUM_728c5c93_4222,-1367137361753059601,P-Contradiction,MEDIUM,1,1,-0.8234,4.6250,3.3569,0,1,1,1
RB-NQ_deepseek_1725103917763203519_P-Ambiguity_HIGH_27482b29_2068,1725103917763203519,P-Ambiguity,HIGH,1,3,-3.2244,-7.7500,0.1692,0,0,0,0
RB-NQ_deepseek_2642993931001870696_P-Ambiguity_HIGH_558802e1_1726,2642993931001870696,P-Ambiguity,HIGH,1,2,-9.9011,-12.0000,-2.3400,0,0,0,0
RB-NQ_deepseek_8282063117132135457_P-MissingInfo_HIGH_f01d923c_1577,8282063117132135457,P-MissingInfo,HIGH,1,4,-5.9292,-4.8750,2.9740,0,0,0,1
RB-NQ_nova_8350528572960416643_P-Contradiction_MEDIUM_ef33c73e_4254,8350528572960416643,P-Contradiction,MEDIUM,1,4,1.4876,4.6250,4.2530,1,1,1,1
RB-NQ_claude_4925057086725798331_P-Ambiguity_HIGH_bd0591c4_1145,4925057086725798331,P-Ambiguity,HIGH,1,3,-5.1108,4.2500,1.5308,0,0,1,1
RB-NQ_nova_5560309333336506479_P-Contradiction_LOW_f1acfe73_3907,5560309333336506479,P-Contradiction,LOW,0,1,-4.3106,1.0000,-1.7171,0,0,1,0
RB-NQ_claude_-1932118074616697613_P-Contradiction_LOW_d94510ee_1202,-1932118074616697613,P-Contradiction,LOW,0,1,0.6050,4.3750,1.8736,1,1,1,1
RB-NQ_claude_8282063117132135457_P-FalsePremise_HIGH_b02cf669_0319,8282063117132135457,P-FalsePremise,HIGH,1,4,-2.2771,0.8750,0.0768,0,1,1,0
RB-NQ_claude_8282063117132135457_P-GranularityMismatch_HIGH_ddc9e9e0_0322,8282063117132135457,P-GranularityMismatch,HIGH,1,4,6.5172,10.2500,10.3441,1,1,1,1
RB-NQ_deepseek_-4283464153717448291_P-MissingInfo_LOW_4b70e015_2109,-4283464153717448291,P-MissingInfo,LOW,0,2,-4.3732,-8.0000,-1.6277,0,0,0,0
RB-NQ_deepseek_8282063117132135457_P-FalsePremise_HIGH_27ac3f2e_1578,8282063117132135457,P-FalsePremise,HIGH,1,4,2.7589,4.1250,3.7381,1,1,1,1
RB-NQ_gpt_8282063117132135457_P-Ambiguity_LOW_b3522e5f_2542,8282063117132135457,P-Ambiguity,LOW,0,4,-4.7569,-3.8750,2.0014,0,0,0,1
RB-NQ_gpt_8282063117132135457_P-Ambiguity_MEDIUM_1cb1afe9_2543,8282063117132135457,P-Ambiguity,MEDIUM,1,4,-5.7998,-2.6250,2.9081,0,0,1,1
RB-NQ_gpt_8282063117132135457_P-FalsePremise_LOW_16faace3_2549,8282063117132135457,P-FalsePremise,LOW,0,4,3.7963,3.2500,3.5170,1,1,1,1
RB-NQ_gpt_8282063117132135457_P-FalsePremise_MEDIUM_af330755_2550,8282063117132135457,P-FalsePremise,MEDIUM,1,4,4.1453,5.2500,4.6851,1,1,1,1
RB-NQ_gpt_8282063117132135457_P-GranularityMismatch_LOW_c1bac0ca_2552,8282063117132135457,P-GranularityMismatch,LOW,0,4,-7.7719,-6.0000,1.7669,0,0,0,1
RB-NQ_gpt_8282063117132135457_P-GranularityMismatch_MEDIUM_a2d3f160_2553,8282063117132135457,P-GranularityMismatch,MEDIUM,1,4,0.4694,-0.3750,7.7941,1,1,1,1
RB-NQ_claude_-7941948650465895222_P-Ambiguity_HIGH_cc6cb691_0416,-7941948650465895222,P-Ambiguity,HIGH,1,1,-4.3472,-9.7500,0.2665,0,0,0,1
RB-NQ_deepseek_4941105400369114094_P-Contradiction_LOW_5bc0e729_2028,4941105400369114094,P-Contradiction,LOW,0,0,-0.6385,-1.3750,4.7357,0,1,1,1
RB-NQ_nova_4941105400369114094_P-EpistemicMismatch_LOW_a33280f0_4353,4941105400369114094,P-EpistemicMismatch,LOW,0,0,-2.9135,-7.5000,4.0548,0,0,0,1
RB-NQ_nova_8282063117132135457_P-MissingInfo_LOW_f3c84989_3799,8282063117132135457,P-MissingInfo,LOW,0,4,-7.7849,-5.8750,1.6654,0,0,0,1
RB-NQ_nova_-4481086743458136206_P-GranularityMismatch_LOW_85ed9f21_3951,-4481086743458136206,P-GranularityMismatch,LOW,0,1,0.1288,-2.5000,1.7463,1,1,1,1
RB-NQ_nova_-4481086743458136206_P-MissingInfo_MEDIUM_85ed9f21_3949,-4481086743458136206,P-MissingInfo,MEDIUM,1,1,0.1288,-2.5000,1.7463,1,1,1,1
RB-NQ_claude_4941105400369114094_P-Contradiction_MEDIUM_640399e9_1051,4941105400369114094,P-Contradiction,MEDIUM,1,0,-4.3294,-2.2500,7.1649,0,0,1,1
RB-NQ_claude_-5004457603684974952_P-EpistemicMismatch_HIGH_b68d4ff4_0005,-5004457603684974952,P-EpistemicMismatch,HIGH,1,3,-0.7851,-1.6250,5.0251,0,1,1,1
RB-NQ_claude_-5004457603684974952_P-EpistemicMismatch_MEDIUM_6d5190df_0004,-5004457603684974952,P-EpistemicMismatch,MEDIUM,1,3,2.2622,-1.0000,12.6484,1,1,1,1
RB-NQ_claude_7439208340888264395_P-FalsePremise_LOW_bb081efb_1100,7439208340888264395,P-FalsePremise,LOW,0,2,-1.9141,-6.8750,-1.0453,0,0,0,0
RB-NQ_claude_7439208340888264395_P-GranularityMismatch_MEDIUM_9dffa95e_1102,7439208340888264395,P-GranularityMismatch,MEDIUM,1,2,-3.2480,-3.0000,0.0017,0,0,0,0
RB-NQ_gpt_-5004457603684974952_P-FalsePremise_MEDIUM_dece2247_2247,-5004457603684974952,P-FalsePremise,MEDIUM,1,3,1.5739,-1.6250,6.5237,1,1,1,1
RB-NQ_gpt_7439208340888264395_P-FalsePremise_HIGH_9abfd129_3317,7439208340888264395,P-FalsePremise,HIGH,1,2,-1.6268,-0.1250,0.7490,0,0,1,1
RB-NQ_nova_-5004457603684974952_P-EpistemicMismatch_LOW_40fc0cb4_3563,-5004457603684974952,P-EpistemicMismatch,LOW,0,3,-4.9584,-9.2500,-1.2185,0,0,0,0
RB-NQ_nova_7439208340888264395_P-FalsePremise_LOW_aec6e4b4_4383,7439208340888264395,P-FalsePremise,LOW,0,2,-6.1406,-9.3750,-1.6901,0,0,0,0
RB-NQ_nova_7439208340888264395_P-FalsePremise_MEDIUM_d319fb85_4384,7439208340888264395,P-FalsePremise,MEDIUM,1,2,2.7801,-1.0000,0.2256,1,1,1,0
RB-NQ_deepseek_-1932118074616697613_P-Contradiction_LOW_ede0e6e1_2135,-1932118074616697613,P-Contradiction,LOW,0,1,0.5401,5.5000,1.9305,1,1,1,1
RB-NQ_deepseek_8350528572960416643_P-Contradiction_MEDIUM_5ccd53bc_1952,8350528572960416643,P-Contradiction,MEDIUM,1,4,2.9190,5.0000,4.9636,1,1,1,1
RB-NQ_nova_-5519267321423308172_P-Contradiction_MEDIUM_1f0a26c1_4136,-5519267321423308172,P-Contradiction,MEDIUM,1,3,-2.6106,3.7500,2.8024,0,1,1,1
RB-NQ_nova_5560309333336506479_P-EpistemicMismatch_LOW_c4bf9d0c_3916,5560309333336506479,P-EpistemicMismatch,LOW,0,1,-5.1721,-7.1250,-3.1627,0,0,0,0
RB-NQ_deepseek_-5004457603684974952_P-GranularityMismatch_LOW_625ee077_1369,-5004457603684974952,P-GranularityMismatch,LOW,0,3,-6.5201,-10.6250,-1.8655,0,0,0,0
RB-NQ_gpt_7439208340888264395_P-Ambiguity_LOW_31f92922_3308,7439208340888264395,P-Ambiguity,LOW,0,2,-6.2627,-7.0000,-1.0334,0,0,0,0
RB-NQ_claude_5874093358022821909_P-Ambiguity_LOW_aa999a25_0615,5874093358022821909,P-Ambiguity,LOW,0,1,-2.3404,-10.1250,-0.9098,0,1,0,0
RB-NQ_deepseek_-4173780285858774112_P-MissingInfo_MEDIUM_e165558d_1694,-4173780285858774112,P-MissingInfo,MEDIUM,1,2,-1.5373,-3.6250,-0.2696,0,0,0,0
RB-NQ_claude_307455002465526783_P-Ambiguity_MEDIUM_82b96c09_0350,307455002465526783,P-Ambiguity,MEDIUM,1,3,-0.1066,6.0000,8.3756,0,1,1,1
RB-NQ_gpt_-6737486169677690795_P-EpistemicMismatch_HIGH_d832b176_3222,-6737486169677690795,P-EpistemicMismatch,HIGH,1,2,3.0355,-2.1250,3.3895,1,1,1,1
RB-NQ_gpt_-6737486169677690795_P-FalsePremise_LOW_b48c6879_3215,-6737486169677690795,P-FalsePremise,LOW,0,2,0.9003,5.1250,0.1011,1,1,1,0
RB-NQ_nova_-1602885085222027775_P-Ambiguity_LOW_55c93fd6_3759,-1602885085222027775,P-Ambiguity,LOW,0,4,-7.0178,-10.8750,-3.2214,0,0,0,0
RB-NQ_deepseek_-6737486169677690795_P-EpistemicMismatch_HIGH_8a250249_2004,-6737486169677690795,P-EpistemicMismatch,HIGH,1,2,2.3014,6.6250,0.6576,1,1,1,1
RB-NQ_deepseek_-6737486169677690795_P-FalsePremise_HIGH_8fb52157_2000,-6737486169677690795,P-FalsePremise,HIGH,1,2,1.9927,0.0000,1.0883,1,1,1,1
RB-NQ_nova_-3655952387338820756_P-Ambiguity_LOW_84e69702_4035,-3655952387338820756,P-Ambiguity,LOW,0,0,-4.4467,-8.7500,-1.0651,0,0,0,0
RB-NQ_deepseek_-3655952387338820756_P-Contradiction_LOW_e63520f6_1781,-3655952387338820756,P-Contradiction,LOW,0,0,-2.8094,-1.2500,0.2535,0,0,1,0
RB-NQ_gpt_-7729388021714760854_P-MissingInfo_MEDIUM_dd6cfe31_3091,-7729388021714760854,P-MissingInfo,MEDIUM,1,3,-4.0281,-5.7500,-2.9995,0,0,0,0
RB-NQ_claude_-4621948696356225060_P-Ambiguity_HIGH_58a1bde2_0046,-4621948696356225060,P-Ambiguity,HIGH,1,0,-1.0432,-2.8750,1.7262,0,1,0,1
RB-NQ_claude_-6737486169677690795_P-FalsePremise_HIGH_37182932_1003,-6737486169677690795,P-FalsePremise,HIGH,1,2,-0.3252,-3.6250,0.9419,0,1,0,1
RB-NQ_claude_-6737486169677690795_P-FalsePremise_MEDIUM_72a069ac_1002,-6737486169677690795,P-FalsePremise,MEDIUM,1,2,-3.0767,-3.6250,-0.8645,0,0,0,0
RB-NQ_claude_-6737486169677690795_P-GranularityMismatch_MEDIUM_1f9b4495_1005,-6737486169677690795,P-GranularityMismatch,MEDIUM,1,2,2.7818,3.3750,1.4588,1,1,1,1
RB-NQ_deepseek_-6737486169677690795_P-GranularityMismatch_MEDIUM_a3908f22_2002,-6737486169677690795,P-GranularityMismatch,MEDIUM,1,2,-1.9192,-1.7500,0.0029,0,0,1,0
RB-NQ_nova_-6737486169677690795_P-FalsePremise_LOW_def73b25_4309,-6737486169677690795,P-FalsePremise,LOW,0,2,-2.9687,-2.0000,0.1304,0,0,1,0
RB-NQ_nova_1803248910342766083_P-Ambiguity_MEDIUM_727e92ac_3684,1803248910342766083,P-Ambiguity,MEDIUM,1,3,4.1104,9.1250,9.3846,1,1,1,1
RB-NQ_deepseek_-8964430330382911432_P-Contradiction_HIGH_d73593b0_1835,-8964430330382911432,P-Contradiction,HIGH,1,4,-2.2568,4.3750,3.1770,0,1,1,1
RB-NQ_gpt_8282063117132135457_P-MissingInfo_MEDIUM_48cda22b_2547,8282063117132135457,P-MissingInfo,MEDIUM,1,4,-5.9950,-2.7500,1.9309,0,0,1,1
RB-NQ_nova_8282063117132135457_P-MissingInfo_HIGH_4de59f1e_3801,8282063117132135457,P-MissingInfo,HIGH,1,4,-5.9950,-2.7500,1.9309,0,0,1,1
RB-NQ_nova_8282063117132135457_P-MissingInfo_MEDIUM_4de59f1e_3800,8282063117132135457,P-MissingInfo,MEDIUM,1,4,-5.9950,-2.7500,1.9309,0,0,1,1
RB-NQ_claude_7439208340888264395_P-MissingInfo_MEDIUM_89764a8e_1098,7439208340888264395,P-MissingInfo,MEDIUM,1,2,-8.1430,-13.3750,-2.7855,0,0,0,0
RB-NQ_gpt_-204697481439605710_P-EpistemicMismatch_MEDIUM_88cb5146_3235,-204697481439605710,P-EpistemicMismatch,MEDIUM,1,3,1.7494,0.0000,2.2753,1,1,1,1
RB-NQ_nova_7439208340888264395_P-MissingInfo_MEDIUM_1136313d_4381,7439208340888264395,P-MissingInfo,MEDIUM,1,2,-8.1430,-13.3750,-2.7855,0,0,0,0
RB-NQ_claude_3616632103136384232_P-GranularityMismatch_LOW_0dcbc778_1285,3616632103136384232,P-GranularityMismatch,LOW,0,3,-3.1046,-9.6250,-0.4494,0,0,0,0
RB-NQ_claude_-5004457603684974952_P-GranularityMismatch_LOW_6ad184d2_0001,-5004457603684974952,P-GranularityMismatch,LOW,0,3,-2.0008,-3.1250,1.7818,0,1,0,1
RB-NQ_nova_7402184777947527945_P-GranularityMismatch_MEDIUM_bffd322d_3740,7402184777947527945,P-GranularityMismatch,MEDIUM,1,3,-2.6897,-2.0000,4.4206,0,0,1,1
RB-NQ_nova_-4173780285858774112_P-MissingInfo_LOW_31afd68b_3938,-4173780285858774112,P-MissingInfo,LOW,0,2,-4.7223,-9.0000,-1.6912,0,0,0,0
RB-NQ_nova_-6737486169677690795_P-GranularityMismatch_LOW_adc746b2_4310,-6737486169677690795,P-GranularityMismatch,LOW,0,2,-2.9318,-1.5000,-0.1404,0,0,1,0
RB-NQ_claude_-1206653570097564556_P-Ambiguity_MEDIUM_7c5c30d7_0087,-1206653570097564556,P-Ambiguity,MEDIUM,1,2,-7.7743,0.6250,2.4226,0,0,1,1
RB-NQ_deepseek_1725103917763203519_P-EpistemicMismatch_MEDIUM_b4f4f9e1_2076,1725103917763203519,P-EpistemicMismatch,MEDIUM,1,3,-1.5093,-3.3750,7.2547,0,1,0,1
RB-NQ_deepseek_1725103917763203519_P-FalsePremise_HIGH_bbf5650a_2075,1725103917763203519,P-FalsePremise,HIGH,1,3,4.7855,7.7500,3.9911,1,1,1,1
RB-NQ_gpt_-8631190913794477985_P-MissingInfo_LOW_e8ed93aa_2341,-8631190913794477985,P-MissingInfo,LOW,0,4,-2.6108,-3.7500,0.3789,0,0,1,0
RB-NQ_gpt_1725103917763203519_P-FalsePremise_LOW_fa4c728c_3327,1725103917763203519,P-FalsePremise,LOW,0,3,-0.1236,-3.5000,-0.2557,0,1,0,0
RB-NQ_nova_-5519267321423308172_P-Contradiction_HIGH_0961b639_4137,-5519267321423308172,P-Contradiction,HIGH,1,3,-3.8444,-4.3750,2.2949,0,0,0,1
RB-NQ_nova_1725103917763203519_P-EpistemicMismatch_MEDIUM_6d7d6495_4393,1725103917763203519,P-EpistemicMismatch,MEDIUM,1,3,-1.5508,-3.3750,1.0444,0,1,0,0
RB-NQ_nova_1725103917763203519_P-FalsePremise_LOW_0fe30fdd_4391,1725103917763203519,P-FalsePremise,LOW,0,3,-0.7923,-4.6250,-0.6326,0,1,0,0
RB-NQ_nova_1725103917763203519_P-GranularityMismatch_LOW_4e7ac8e7_4392,1725103917763203519,P-GranularityMismatch,LOW,0,3,-4.0538,-9.7500,0.4216,0,0,0,0
RB-NQ_claude_2642993931001870696_P-MissingInfo_MEDIUM_906720be_0562,2642993931001870696,P-MissingInfo,MEDIUM,1,2,-8.7012,-9.8750,-2.2652,0,0,0,0
RB-NQ_claude_4925057086725798331_P-EpistemicMismatch_MEDIUM_837e0b10_1156,4925057086725798331,P-EpistemicMismatch,MEDIUM,1,3,0.4738,-3.1250,8.4056,1,1,0,1
RB-NQ_claude_8282063117132135457_P-MissingInfo_LOW_73140c37_0315,8282063117132135457,P-MissingInfo,LOW,0,4,-8.0960,-6.3750,1.3605,0,0,0,1
RB-NQ_deepseek_1725103917763203519_P-EpistemicMismatch_HIGH_9c600816_2077,1725103917763203519,P-EpistemicMismatch,HIGH,1,3,3.9872,8.6250,2.1743,1,1,1,1
RB-NQ_deepseek_2642993931001870696_P-MissingInfo_MEDIUM_af022273_1730,2642993931001870696,P-MissingInfo,MEDIUM,1,2,-8.6390,-9.7500,-2.3205,0,0,0,0
RB-NQ_gpt_1725103917763203519_P-EpistemicMismatch_MEDIUM_0a630c9d_3332,1725103917763203519,P-EpistemicMismatch,MEDIUM,1,3,2.4596,3.8750,6.2691,1,1,1,1
RB-NQ_gpt_1725103917763203519_P-GranularityMismatch_HIGH_298a8f5c_3330,1725103917763203519,P-GranularityMismatch,HIGH,1,3,4.8387,6.1250,1.7288,1,1,1,1
RB-NQ_nova_4925057086725798331_P-EpistemicMismatch_MEDIUM_0c671961_4429,4925057086725798331,P-EpistemicMismatch,MEDIUM,1,3,-3.4383,-4.3750,1.2018,0,0,0,1
RB-NQ_nova_7610758795954724809_P-Ambiguity_HIGH_fb5893b1_3745,7610758795954724809,P-Ambiguity,HIGH,1,4,0.0217,3.3750,1.2342,1,1,1,1
RB-NQ_deepseek_4925057086725798331_P-EpistemicMismatch_MEDIUM_4a72079c_2103,4925057086725798331,P-EpistemicMismatch,MEDIUM,1,3,-6.5005,-11.7500,-0.7867,0,0,0,0
RB-NQ_deepseek_4925057086725798331_P-FalsePremise_HIGH_1b8aa74a_2102,4925057086725798331,P-FalsePremise,HIGH,1,3,1.4434,9.1250,0.9978,1,1,1,0
RB-NQ_deepseek_5560309333336506479_P-Ambiguity_HIGH_57610a94_1664,5560309333336506479,P-Ambiguity,HIGH,1,1,-5.5663,-8.6250,-3.2109,0,0,0,0
RB-NQ_gpt_-1602885085222027775_P-Ambiguity_HIGH_aeefe651_2488,-1602885085222027775,P-Ambiguity,HIGH,1,4,1.4248,3.8750,0.4292,1,1,1,0
RB-NQ_gpt_4925057086725798331_P-EpistemicMismatch_HIGH_7c3704b5_3373,4925057086725798331,P-EpistemicMismatch,HIGH,1,3,-1.1420,-1.3750,5.2227,0,1,1,1
RB-NQ_nova_7610758795954724809_P-EpistemicMismatch_LOW_30b6785f_3756,7610758795954724809,P-EpistemicMismatch,LOW,0,4,-5.1050,-3.0000,-2.5216,0,0,1,0
RB-NQ_claude_4344803622779505142_P-Contradiction_HIGH_5a3153f7_0379,4344803622779505142,P-Contradiction,HIGH,1,0,0.5507,4.7500,6.5851,1,1,1,1
RB-NQ_deepseek_-5004457603684974952_P-MissingInfo_MEDIUM_3802253b_1365,-5004457603684974952,P-MissingInfo,MEDIUM,1,3,-1.5023,-3.5000,5.7835,0,1,0,1
RB-NQ_gpt_4925057086725798331_P-EpistemicMismatch_LOW_ade2b411_3371,4925057086725798331,P-EpistemicMismatch,LOW,0,3,-7.9789,-13.5000,-5.5333,0,0,0,0
RB-NQ_gpt_4925057086725798331_P-GranularityMismatch_MEDIUM_a78f4e72_3369,4925057086725798331,P-GranularityMismatch,MEDIUM,1,3,-1.4297,-1.3750,4.9523,0,1,1,1
RB-NQ_nova_7610758795954724809_P-Contradiction_HIGH_831a749d_3748,7610758795954724809,P-Contradiction,HIGH,1,4,4.9759,9.8750,9.1073,1,1,1,1
RB-NQ_claude_7363398765815807969_P-Contradiction_HIGH_52be72c2_0284,7363398765815807969,P-Contradiction,HIGH,1,3,-3.0396,-1.7500,0.3998,0,0,1,0
RB-NQ_claude_-9097447514182117784_P-GranularityMismatch_HIGH_b9f63cf1_0714,-9097447514182117784,P-GranularityMismatch,HIGH,1,2,5.7153,9.7500,3.0440,1,1,1,1
RB-NQ_deepseek_-9097447514182117784_P-FalsePremise_HIGH_ce7802e3_1821,-9097447514182117784,P-FalsePremise,HIGH,1,2,-0.2546,2.6250,0.4244,0,1,1,0
RB-NQ_gpt_-9097447514182117784_P-FalsePremise_LOW_740310ca_2934,-9097447514182117784,P-FalsePremise,LOW,0,2,1.5311,4.8750,0.7510,1,1,1,1
RB-NQ_gpt_-9097447514182117784_P-FalsePremise_MEDIUM_3d64fb00_2935,-9097447514182117784,P-FalsePremise,MEDIUM,1,2,-0.1916,-2.1250,0.7541,0,1,1,1
RB-NQ_nova_-9097447514182117784_P-EpistemicMismatch_HIGH_c1b22e75_4107,-9097447514182117784,P-EpistemicMismatch,HIGH,1,2,0.7578,3.8750,1.8940,1,1,1,1
RB-NQ_nova_-9097447514182117784_P-FalsePremise_HIGH_50512558_4104,-9097447514182117784,P-FalsePremise,HIGH,1,2,-6.2035,-7.1250,-1.0613,0,0,0,0
RB-NQ_nova_-9097447514182117784_P-FalsePremise_LOW_7b400606_4103,-9097447514182117784,P-FalsePremise,LOW,0,2,-6.3406,-8.3750,-1.5067,0,0,0,0
RB-NQ_nova_-9097447514182117784_P-GranularityMismatch_HIGH_afb430f6_4105,-9097447514182117784,P-GranularityMismatch,HIGH,1,2,0.9270,12.5000,3.0093,1,1,1,1
RB-NQ_deepseek_-9097447514182117784_P-EpistemicMismatch_MEDIUM_d11c04ea_1823,-9097447514182117784,P-EpistemicMismatch,MEDIUM,1,2,0.9679,2.1250,3.5602,1,1,1,1
RB-NQ_deepseek_-9097447514182117784_P-GranularityMismatch_HIGH_1c50fa80_1822,-9097447514182117784,P-GranularityMismatch,HIGH,1,2,2.8014,3.1250,1.2655,1,1,1,1
RB-NQ_claude_-7941948650465895222_P-EpistemicMismatch_HIGH_6818c679_0428,-7941948650465895222,P-EpistemicMismatch,HIGH,1,1,1.3252,0.8750,3.4891,1,1,1,1
RB-NQ_claude_-7941948650465895222_P-FalsePremise_MEDIUM_05176e22_0424,-7941948650465895222,P-FalsePremise,MEDIUM,1,1,2.9694,7.0000,1.8757,1,1,1,1
RB-NQ_claude_7493304116642628789_P-FalsePremise_MEDIUM_2322c65d_1178,7493304116642628789,P-FalsePremise,MEDIUM,1,4,5.4601,2.7500,5.5145,1,1,1,1
RB-NQ_deepseek_-7941948650465895222_P-Ambiguity_MEDIUM_bd8dbf68_1637,-7941948650465895222,P-Ambiguity,MEDIUM,1,1,-1.0469,0.0000,-0.2052,0,1,1,0
RB-NQ_deepseek_7493304116642628789_P-FalsePremise_LOW_fbb9425f_2121,7493304116642628789,P-FalsePremise,LOW,0,4,-1.0728,-3.7500,-3.4175,0,1,1,0
RB-NQ_gpt_-7941948650465895222_P-EpistemicMismatch_HIGH_e23592b6_2658,-7941948650465895222,P-EpistemicMismatch,HIGH,1,1,2.2245,2.5000,4.7249,1,1,1,1
RB-NQ_gpt_-7941948650465895222_P-GranularityMismatch_LOW_802328ce_2654,-7941948650465895222,P-GranularityMismatch,LOW,0,1,-5.6638,-11.6250,-2.2115,0,0,0,0
RB-NQ_gpt_-9097447514182117784_P-Ambiguity_LOW_f0f62717_2927,-9097447514182117784,P-Ambiguity,LOW,0,2,-7.1060,-12.2500,-1.8421,0,0,0,0
RB-NQ_gpt_-9097447514182117784_P-GranularityMismatch_LOW_414eaa52_2937,-9097447514182117784,P-GranularityMismatch,LOW,0,2,-10.0803,-11.1250,-2.3249,0,0,0,0
RB-NQ_gpt_-9097447514182117784_P-GranularityMismatch_MEDIUM_a2201fbd_2938,-9097447514182117784,P-GranularityMismatch,MEDIUM,1,2,0.3840,1.0000,1.8451,1,1,1,1
RB-NQ_gpt_7493304116642628789_P-FalsePremise_LOW_91836554_3395,7493304116642628789,P-FalsePremise,LOW,0,4,0.5973,-1.3750,-1.5142,1,1,1,0
RB-NQ_nova_-7941948650465895222_P-EpistemicMismatch_HIGH_5f7a7dc1_3877,-7941948650465895222,P-EpistemicMismatch,HIGH,1,1,1.3825,6.7500,1.5975,1,1,1,1
RB-NQ_nova_7493304116642628789_P-FalsePremise_MEDIUM_31e6a314_4445,7493304116642628789,P-FalsePremise,MEDIUM,1,4,2.7852,3.1250,2.2519,1,1,1,1
RB-NQ_nova_7493304116642628789_P-GranularityMismatch_MEDIUM_047df213_4447,7493304116642628789,P-GranularityMismatch,MEDIUM,1,4,-3.2938,-7.2500,-1.9624,0,0,0,0
RB-NQ_claude_867176429412490099_P-EpistemicMismatch_HIGH_964e87eb_0506,867176429412490099,P-EpistemicMismatch,HIGH,1,0,3.1402,4.7500,8.1086,1,1,1,1
RB-NQ_claude_867176429412490099_P-FalsePremise_HIGH_e3ace814_0502,867176429412490099,P-FalsePremise,HIGH,1,0,0.7373,4.0000,3.8114,1,1,1,1
RB-NQ_deepseek_-7941948650465895222_P-EpistemicMismatch_MEDIUM_32c3bbcc_1646,-7941948650465895222,P-EpistemicMismatch,MEDIUM,1,1,2.5134,-0.2500,5.0662,1,1,1,1
RB-NQ_gpt_-2060506905455252030_P-GranularityMismatch_MEDIUM_0db2a1dc_2386,-2060506905455252030,P-GranularityMismatch,MEDIUM,1,2,6.1546,9.8750,3.6389,1,1,1,1
RB-NQ_gpt_867176429412490099_P-FalsePremise_HIGH_8150808d_2731,867176429412490099,P-FalsePremise,HIGH,1,0,1.6831,5.5000,4.5807,1,1,1,1
RB-NQ_gpt_867176429412490099_P-GranularityMismatch_LOW_e14af866_2732,867176429412490099,P-GranularityMismatch,LOW,0,0,-3.7621,1.1250,-0.9070,0,0,1,0
RB-NQ_nova_5874093358022821909_P-EpistemicMismatch_LOW_b33e5761_4033,5874093358022821909,P-EpistemicMismatch,LOW,0,1,-2.2078,-10.0000,-0.7913,0,1,0,0
RB-NQ_nova_867176429412490099_P-FalsePremise_LOW_852326b5_3930,867176429412490099,P-FalsePremise,LOW,0,0,0.3729,3.5000,1.1875,1,1,1,1
RB-NQ_claude_-7941948650465895222_P-EpistemicMismatch_MEDIUM_51d2598c_0427,-7941948650465895222,P-EpistemicMismatch,MEDIUM,1,1,-1.3392,-1.0000,3.0538,0,1,1,1
RB-NQ_deepseek_-6992125597790283273_P-Contradiction_MEDIUM_0b96bc58_1627,-6992125597790283273,P-Contradiction,MEDIUM,1,2,-6.1596,0.2500,4.6213,0,0,1,1
RB-NQ_deepseek_-7941948650465895222_P-GranularityMismatch_LOW_7c953583_1644,-7941948650465895222,P-GranularityMismatch,LOW,0,1,-3.8372,-3.7500,-0.9504,0,0,1,0
RB-NQ_deepseek_7493304116642628789_P-EpistemicMismatch_MEDIUM_89e35af3_2123,7493304116642628789,P-EpistemicMismatch,MEDIUM,1,4,-1.9921,-5.6250,-0.8459,0,1,0,0
RB-NQ_deepseek_867176429412490099_P-EpistemicMismatch_MEDIUM_92d39bc4_1689,867176429412490099,P-EpistemicMismatch,MEDIUM,1,0,1.2440,3.6250,2.9867,1,1,1,1
RB-NQ_deepseek_867176429412490099_P-GranularityMismatch_HIGH_1d28be20_1688,867176429412490099,P-GranularityMismatch,HIGH,1,0,2.4745,6.0000,3.3474,1,1,1,1
RB-NQ_gpt_7493304116642628789_P-Ambiguity_LOW_a5ed44ed_3388,7493304116642628789,P-Ambiguity,LOW,0,4,-4.2175,-8.5000,-3.3358,0,0,0,0
RB-NQ_gpt_7493304116642628789_P-GranularityMismatch_LOW_94f07ed5_3398,7493304116642628789,P-GranularityMismatch,LOW,0,4,-3.1385,-6.6250,-3.4052,0,0,0,0
RB-NQ_gpt_867176429412490099_P-GranularityMismatch_HIGH_3de4833b_2734,867176429412490099,P-GranularityMismatch,HIGH,1,0,4.0509,5.1250,5.9998,1,1,1,1
RB-NQ_gpt_867176429412490099_P-GranularityMismatch_MEDIUM_597c7187_2733,867176429412490099,P-GranularityMismatch,MEDIUM,1,0,0.0166,6.2500,2.0776,1,1,1,1
RB-NQ_nova_-1932118074616697613_P-Contradiction_LOW_049879d9_4462,-1932118074616697613,P-Contradiction,LOW,0,1,0.4297,3.7500,1.8310,1,1,1,1
RB-NQ_claude_-5299749370232228058_P-Ambiguity_HIGH_bb6cc208_1246,-5299749370232228058,P-Ambiguity,HIGH,1,0,4.7134,10.2500,3.1763,1,1,1,1
RB-NQ_deepseek_-5519267321423308172_P-Contradiction_HIGH_6ea0d33e_1857,-5519267321423308172,P-Contradiction,HIGH,1,3,-2.3695,-2.5000,5.4598,0,1,1,1
RB-NQ_deepseek_-7941948650465895222_P-MissingInfo_MEDIUM_63d0f939_1641,-7941948650465895222,P-MissingInfo,MEDIUM,1,1,-3.1488,-1.7500,0.8426,0,0,1,1
RB-NQ_deepseek_867176429412490099_P-Ambiguity_LOW_9b975126_1680,867176429412490099,P-Ambiguity,LOW,0,0,-4.0944,-0.1250,-1.1991,0,0,1,0
RB-NQ_claude_4941105400369114094_P-Ambiguity_HIGH_c55c44a3_1049,4941105400369114094,P-Ambiguity,HIGH,1,0,-1.5405,-2.6250,4.1305,0,0,1,1
RB-NQ_deepseek_-5061926765893337070_P-Contradiction_MEDIUM_a4142e6e_1906,-5061926765893337070,P-Contradiction,MEDIUM,1,2,-8.8074,-1.8750,1.2300,0,0,1,1
RB-NQ_nova_-5519267321423308172_P-Contradiction_LOW_872c6f93_4135,-5519267321423308172,P-Contradiction,LOW,0,3,-3.5194,-5.1250,0.8548,0,0,0,0
RB-NQ_nova_7610758795954724809_P-Contradiction_LOW_f30d74af_3746,7610758795954724809,P-Contradiction,LOW,0,4,-3.8457,-1.7500,-1.6376,0,0,1,0
RB-NQ_claude_3022939638183417538_P-Contradiction_LOW_afd1989d_0546,3022939638183417538,P-Contradiction,LOW,0,0,-4.7768,-8.2500,-1.6917,0,0,0,0
RB-NQ_gpt_4925057086725798331_P-MissingInfo_MEDIUM_583fc346_3366,4925057086725798331,P-MissingInfo,MEDIUM,1,3,0.7733,4.6250,0.3227,1,1,1,0
RB-NQ_claude_-9097447514182117784_P-MissingInfo_MEDIUM_9a1c217f_0707,-9097447514182117784,P-MissingInfo,MEDIUM,1,2,-4.4731,-7.6250,-0.8128,0,0,0,0
RB-NQ_claude_8730028009751947933_P-GranularityMismatch_MEDIUM_6388cfeb_1299,8730028009751947933,P-GranularityMismatch,MEDIUM,1,0,4.9240,8.8750,10.6900,1,1,1,1
RB-NQ_nova_7363398765815807969_P-Ambiguity_HIGH_6ef40407_3773,7363398765815807969,P-Ambiguity,HIGH,1,3,-0.4920,1.1250,2.0196,0,1,1,1
RB-NQ_claude_4941105400369114094_P-GranularityMismatch_MEDIUM_7848c8c3_1059,4941105400369114094,P-GranularityMismatch,MEDIUM,1,0,2.9656,5.5000,5.8889,1,1,1,1
RB-NQ_deepseek_6144099837933283715_P-Contradiction_LOW_ed3e4bf7_1386,6144099837933283715,P-Contradiction,LOW,0,0,-2.1122,-4.1250,-1.4197,0,0,0,0
RB-NQ_gpt_-1602885085222027775_P-Contradiction_LOW_f851c08b_2489,-1602885085222027775,P-Contradiction,LOW,0,4,-4.6604,-5.3750,-3.0408,0,0,0,0
RB-NQ_claude_1725103917763203519_P-MissingInfo_LOW_9b30fc93_1110,1725103917763203519,P-MissingInfo,LOW,0,3,-2.4821,-6.3750,-0.7378,0,1,0,0
RB-NQ_deepseek_307455002465526783_P-Ambiguity_HIGH_506817c1_1601,307455002465526783,P-Ambiguity,HIGH,1,3,-4.2360,-7.3750,1.7259,0,0,0,1
RB-NQ_claude_5560309333336506479_P-Contradiction_LOW_afd30f1e_0469,5560309333336506479,P-Contradiction,LOW,0,1,-4.5268,-5.6250,-2.8038,0,0,0,0
RB-NQ_deepseek_-4621948696356225060_P-Contradiction_HIGH_9e191474_1398,-4621948696356225060,P-Contradiction,HIGH,1,0,-4.5372,-9.1250,2.6826,0,0,0,1
RB-NQ_claude_-8359866474144720253_P-GranularityMismatch_MEDIUM_d182e484_0082,-8359866474144720253,P-GranularityMismatch,MEDIUM,1,2,1.0209,-3.1250,0.4824,1,1,0,0
RB-NQ_claude_-8964430330382911432_P-GranularityMismatch_HIGH_84f00856_0742,-8964430330382911432,P-GranularityMismatch,HIGH,1,4,2.0485,6.7500,2.9600,1,1,1,1
RB-NQ_deepseek_-8964430330382911432_P-FalsePremise_LOW_59b7aaf0_1837,-8964430330382911432,P-FalsePremise,LOW,0,4,-4.8846,-3.5000,-3.7210,0,0,1,0
RB-NQ_deepseek_-9097447514182117784_P-MissingInfo_LOW_558abe87_1820,-9097447514182117784,P-MissingInfo,LOW,0,2,-7.2952,-10.6250,-2.1943,0,0,0,0
RB-NQ_nova_-8964430330382911432_P-EpistemicMismatch_LOW_cee8f334_4125,-8964430330382911432,P-EpistemicMismatch,LOW,0,4,-4.9738,-8.1250,-4.2446,0,0,0,0
RB-NQ_gpt_-5299749370232228058_P-Contradiction_MEDIUM_3272b8ff_3448,-5299749370232228058,P-Contradiction,MEDIUM,1,0,-5.2932,-1.8750,2.4039,0,0,1,1
RB-NQ_gpt_-8964430330382911432_P-GranularityMismatch_MEDIUM_81958f72_2965,-8964430330382911432,P-GranularityMismatch,MEDIUM,1,4,0.2143,-3.0000,0.9865,1,1,1,1
RB-NQ_nova_-1932118074616697613_P-GranularityMismatch_LOW_2d6287bb_4469,-1932118074616697613,P-GranularityMismatch,LOW,0,1,-2.1099,-0.8750,0.9537,0,1,1,1
RB-NQ_nova_-7941948650465895222_P-MissingInfo_MEDIUM_6a14f779_3871,-7941948650465895222,P-MissingInfo,MEDIUM,1,1,-2.0071,-1.5000,0.1510,0,1,1,0
RB-NQ_claude_-918571312056093750_P-Contradiction_LOW_379ffff7_1305,-918571312056093750,P-Contradiction,LOW,0,0,-1.6456,-2.3750,1.6981,0,0,1,1
RB-NQ_deepseek_-8964430330382911432_P-Ambiguity_LOW_198d692d_1834,-8964430330382911432,P-Ambiguity,LOW,0,4,-7.4745,-11.1250,-5.3528,0,0,0,0
RB-NQ_deepseek_-8964430330382911432_P-GranularityMismatch_HIGH_3be23033_1840,-8964430330382911432,P-GranularityMismatch,HIGH,1,4,0.3406,2.0000,-0.4338,1,1,1,0
RB-NQ_gpt_-7941948650465895222_P-MissingInfo_HIGH_52f40e25_2651,-7941948650465895222,P-MissingInfo,HIGH,1,1,-1.5442,0.5000,0.2830,0,1,1,1
RB-NQ_gpt_-8964430330382911432_P-FalsePremise_HIGH_d357b8c1_2964,-8964430330382911432,P-FalsePremise,HIGH,1,4,1.2086,4.1250,2.7093,1,1,1,1
RB-NQ_nova_-6992125597790283273_P-Contradiction_MEDIUM_efc60d29_3858,-6992125597790283273,P-Contradiction,MEDIUM,1,2,-8.2994,-5.8750,1.9421,0,0,0,1
RB-NQ_gpt_-1373652773107850061_P-Contradiction_HIGH_5d836c06_3170,-1373652773107850061,P-Contradiction,HIGH,1,1,1.1534,7.2500,4.5122,1,1,1,1
RB-NQ_gpt_-1602885085222027775_P-Ambiguity_MEDIUM_fd31e7fe_2487,-1602885085222027775,P-Ambiguity,MEDIUM,1,4,-1.2065,-1.6250,-0.5662,0,1,1,0
RB-NQ_deepseek_8730028009751947933_P-Contradiction_HIGH_24f29ef2_2187,8730028009751947933,P-Contradiction,HIGH,1,0,-4.8772,2.1250,3.0587,0,0,1,1
RB-NQ_claude_867176429412490099_P-MissingInfo_LOW_c6635116_0497,867176429412490099,P-MissingInfo,LOW,0,0,-0.4647,2.0000,0.2926,0,1,1,0
RB-NQ_deepseek_-3655952387338820756_P-Ambiguity_MEDIUM_540e69a0_1780,-3655952387338820756,P-Ambiguity,MEDIUM,1,0,-0.6733,-2.5000,2.6153,0,1,1,1
RB-NQ_deepseek_867176429412490099_P-MissingInfo_LOW_4b60ff3b_1683,867176429412490099,P-MissingInfo,LOW,0,0,-1.3156,2.1250,0.1901,0,1,1,0
RB-NQ_gpt_-1367137361753059601_P-Contradiction_LOW_b505aa1e_3100,-1367137361753059601,P-Contradiction,LOW,0,1,-4.5215,-6.1250,-1.0867,0,0,0,0
RB-NQ_nova_-9169976182548289414_P-FalsePremise_LOW_bb5d7e9c_3611,-9169976182548289414,P-FalsePremise,LOW,0,3,-4.8707,-4.3750,-2.3065,0,0,0,0
RB-NQ_nova_307455002465526783_P-Ambiguity_HIGH_8a6a6662_3828,307455002465526783,P-Ambiguity,HIGH,1,3,-3.3718,-3.2500,4.4457,0,0,0,1
RB-NQ_deepseek_-1176280233636154422_P-Ambiguity_LOW_0a844716_1484,-1176280233636154422,P-Ambiguity,LOW,0,4,2.4034,6.2500,0.7676,1,1,1,1
RB-NQ_nova_1803248910342766083_P-Contradiction_MEDIUM_afbd00fe_3686,1803248910342766083,P-Contradiction,MEDIUM,1,3,0.2955,2.7500,5.8851,1,1,1,1
RB-NQ_claude_1725103917763203519_P-MissingInfo_HIGH_c6ea3a21_1111,1725103917763203519,P-MissingInfo,HIGH,1,3,-1.1502,-3.7500,2.0761,0,1,0,1
RB-NQ_gpt_-4481086743458136206_P-MissingInfo_LOW_683700c1_2755,-4481086743458136206,P-MissingInfo,LOW,0,1,-1.7456,-9.6250,1.4248,0,1,0,1
RB-NQ_gpt_-9169976182548289414_P-FalsePremise_LOW_a032b0ab_2309,-9169976182548289414,P-FalsePremise,LOW,0,3,1.2110,6.6250,-1.5612,1,1,1,0
RB-NQ_nova_-9097447514182117784_P-MissingInfo_LOW_de1d1806_4101,-9097447514182117784,P-MissingInfo,LOW,0,2,-7.0478,-11.1250,-2.3747,0,0,0,0
RB-NQ_nova_2202689210581594515_P-MissingInfo_HIGH_78eede56_3788,2202689210581594515,P-MissingInfo,HIGH,1,3,1.4223,-0.5000,5.2626,1,1,1,1
RB-NQ_deepseek_-9169976182548289414_P-GranularityMismatch_MEDIUM_a798aee5_1416,-9169976182548289414,P-GranularityMismatch,MEDIUM,1,3,-7.0211,-5.5000,-2.6096,0,0,0,0
RB-NQ_gpt_-9169976182548289414_P-EpistemicMismatch_LOW_aed937f3_2315,-9169976182548289414,P-EpistemicMismatch,LOW,0,3,-5.7558,-11.6250,-3.8122,0,0,0,0
RB-NQ_gpt_-9169976182548289414_P-GranularityMismatch_MEDIUM_0ed45688_2313,-9169976182548289414,P-GranularityMismatch,MEDIUM,1,3,1.8067,3.7500,2.4010,1,1,1,1
RB-NQ_nova_7363398765815807969_P-Contradiction_MEDIUM_8b61d4b4_3775,7363398765815807969,P-Contradiction,MEDIUM,1,3,-0.1166,3.2500,2.0666,0,1,1,1
RB-NQ_claude_7610758795954724809_P-Ambiguity_HIGH_0b0c28ef_0240,7610758795954724809,P-Ambiguity,HIGH,1,4,-1.5856,1.3750,1.1656,0,1,1,1
RB-NQ_nova_6605227747829720945_P-Contradiction_HIGH_02ff8945_4264,6605227747829720945,P-Contradiction,HIGH,1,0,-6.4010,-4.7500,4.4912,0,0,0,1
RB-NQ_nova_6969539427365218166_P-Contradiction_MEDIUM_e0b657ae_4475,6969539427365218166,P-Contradiction,MEDIUM,1,0,-0.5596,3.2500,0.5296,0,1,1,0
RB-NQ_claude_-1373652773107850061_P-Contradiction_LOW_172c5a0f_0955,-1373652773107850061,P-Contradiction,LOW,0,1,-8.1771,-6.2500,0.1424,0,0,0,0
RB-NQ_claude_-3563945110717053326_P-EpistemicMismatch_HIGH_d7328cbc_0757,-3563945110717053326,P-EpistemicMismatch,HIGH,1,4,1.9953,2.8750,4.3174,1,1,1,1
RB-NQ_gpt_-3563945110717053326_P-EpistemicMismatch_HIGH_0db6643a_2982,-3563945110717053326,P-EpistemicMismatch,HIGH,1,4,0.7602,-5.8750,2.7474,1,1,0,1
RB-NQ_gpt_-3563945110717053326_P-FalsePremise_MEDIUM_3c398bda_2975,-3563945110717053326,P-FalsePremise,MEDIUM,1,4,2.5259,-3.7500,4.9970,1,1,1,1
RB-NQ_nova_-3563945110717053326_P-FalsePremise_LOW_e466dd91_4132,-3563945110717053326,P-FalsePremise,LOW,0,4,-0.2328,-0.2500,-0.1871,0,1,1,0
RB-NQ_nova_1803248910342766083_P-Ambiguity_HIGH_23455e65_3685,1803248910342766083,P-Ambiguity,HIGH,1,3,2.0158,7.7500,8.9002,1,1,1,1
RB-NQ_deepseek_-3563945110717053326_P-EpistemicMismatch_LOW_9c2aa2e2_1850,-3563945110717053326,P-EpistemicMismatch,LOW,0,4,-4.9564,-11.1250,-1.0644,0,0,0,0
RB-NQ_deepseek_-3563945110717053326_P-FalsePremise_MEDIUM_561e3d09_1846,-3563945110717053326,P-FalsePremise,MEDIUM,1,4,3.8842,0.7500,2.1914,1,1,1,1
RB-NQ_deepseek_-6992125597790283273_P-Ambiguity_MEDIUM_ab7f1998_1626,-6992125597790283273,P-Ambiguity,MEDIUM,1,2,-5.1015,-0.1250,4.3643,0,0,1,1
RB-NQ_deepseek_-9169976182548289414_P-MissingInfo_LOW_09d9c661_1411,-9169976182548289414,P-MissingInfo,LOW,0,3,-5.0092,-5.0000,-2.9191,0,0,0,0
RB-NQ_deepseek_4925057086725798331_P-MissingInfo_HIGH_353a0a17_2099,4925057086725798331,P-MissingInfo,HIGH,1,3,-0.9320,0.5000,-0.9111,0,1,1,0
RB-NQ_nova_-1206653570097564556_P-Contradiction_HIGH_25923374_3628,-1206653570097564556,P-Contradiction,HIGH,1,2,-0.7016,7.8750,6.9793,0,1,1,1
RB-NQ_claude_-204697481439605710_P-EpistemicMismatch_MEDIUM_eb2f0fd8_1022,-204697481439605710,P-EpistemicMismatch,MEDIUM,1,3,1.8237,7.8750,7.7047,1,1,1,1
RB-NQ_claude_-204697481439605710_P-FalsePremise_HIGH_c29916fe_1018,-204697481439605710,P-FalsePremise,HIGH,1,3,-5.0827,-5.6250,4.1641,0,0,0,1
RB-NQ_claude_-204697481439605710_P-FalsePremise_MEDIUM_022d5c82_1017,-204697481439605710,P-FalsePremise,MEDIUM,1,3,-3.2312,-2.5000,-0.8940,0,0,1,0
RB-NQ_deepseek_-1932118074616697613_P-Ambiguity_HIGH_e2ff715f_2134,-1932118074616697613,P-Ambiguity,HIGH,1,1,-3.1344,-2.6250,1.7422,0,0,1,1
RB-NQ_deepseek_-4621948696356225060_P-Ambiguity_MEDIUM_4a01292b_1395,-4621948696356225060,P-Ambiguity,MEDIUM,1,0,-1.7061,-9.1250,-1.2463,0,0,0,0
RB-NQ_gpt_-2321556715412254267_P-Contradiction_LOW_f3aec170_2818,-2321556715412254267,P-Contradiction,LOW,0,4,-8.7870,1.5000,-1.3942,0,0,1,0
RB-NQ_nova_-204697481439605710_P-EpistemicMismatch_LOW_897f3286_4322,-204697481439605710,P-EpistemicMismatch,LOW,0,3,-4.0070,-0.8750,-0.3206,0,0,1,0
RB-NQ_nova_-204697481439605710_P-EpistemicMismatch_MEDIUM_05f868be_4323,-204697481439605710,P-EpistemicMismatch,MEDIUM,1,3,-4.5454,-3.2500,2.4901,0,0,0,1
RB-NQ_nova_-204697481439605710_P-FalsePremise_LOW_70e4c60f_4318,-204697481439605710,P-FalsePremise,LOW,0,3,-5.9093,-4.2500,-2.5586,0,0,0,0
RB-NQ_nova_-204697481439605710_P-GranularityMismatch_MEDIUM_454fbe6f_4321,-204697481439605710,P-GranularityMismatch,MEDIUM,1,3,-6.0011,-8.7500,-2.3268,0,0,0,0
RB-NQ_claude_4941105400369114094_P-Ambiguity_LOW_94ada83f_1047,4941105400369114094,P-Ambiguity,LOW,0,0,-3.0296,-6.0000,4.2228,0,0,0,1
RB-NQ_deepseek_-204697481439605710_P-FalsePremise_HIGH_9ee10ece_2012,-204697481439605710,P-FalsePremise,HIGH,1,3,-6.6543,-7.7500,-0.4028,0,0,0,0
RB-NQ_deepseek_-204697481439605710_P-FalsePremise_MEDIUM_0e0b3ed6_2011,-204697481439605710,P-FalsePremise,MEDIUM,1,3,-0.5244,3.6250,0.1447,0,1,1,0
RB-NQ_gpt_-204697481439605710_P-GranularityMismatch_MEDIUM_df2cccae_3232,-204697481439605710,P-GranularityMismatch,MEDIUM,1,3,4.3436,8.1250,6.3742,1,1,1,1
RB-NQ_gpt_-2321556715412254267_P-Contradiction_MEDIUM_61a37b0e_2819,-2321556715412254267,P-Contradiction,MEDIUM,1,4,-7.4167,4.0000,2.2106,0,0,1,1
RB-NQ_claude_-5519267321423308172_P-Ambiguity_LOW_a4f51d5d_0758,-5519267321423308172,P-Ambiguity,LOW,0,3,-2.8415,-12.7500,-3.3189,0,0,0,0
RB-NQ_claude_3022939638183417538_P-Contradiction_HIGH_8c770f66_0548,3022939638183417538,P-Contradiction,HIGH,1,0,-3.9590,0.8750,1.3433,0,0,1,1
RB-NQ_deepseek_-204697481439605710_P-Ambiguity_LOW_3bc3ba23_2005,-204697481439605710,P-Ambiguity,LOW,0,3,-6.7696,-9.1250,-1.5160,0,0,0,0
RB-NQ_deepseek_-4621948696356225060_P-Ambiguity_HIGH_25333389_1396,-4621948696356225060,P-Ambiguity,HIGH,1,0,-0.8996,-8.3750,-2.2210,0,1,0,0
RB-NQ_gpt_-204697481439605710_P-EpistemicMismatch_LOW_184db7d2_3234,-204697481439605710,P-EpistemicMismatch,LOW,0,3,-4.9525,-6.5000,-3.7939,0,0,0,0
RB-NQ_gpt_-204697481439605710_P-FalsePremise_MEDIUM_04178582_3229,-204697481439605710,P-FalsePremise,MEDIUM,1,3,2.9376,2.7500,5.6605,1,1,1,1
RB-NQ_deepseek_4925057086725798331_P-Ambiguity_HIGH_04acb754_2093,4925057086725798331,P-Ambiguity,HIGH,1,3,-5.0438,-7.7500,-1.3231,0,0,0,0
RB-NQ_deepseek_8350528572960416643_P-Contradiction_LOW_eef7bd5b_1951,8350528572960416643,P-Contradiction,LOW,0,4,0.5432,2.1250,0.8685,1,1,1,1
RB-NQ_claude_-1932118074616697613_P-GranularityMismatch_LOW_9ee7fafe_1209,-1932118074616697613,P-GranularityMismatch,LOW,0,1,-0.7515,-2.8750,1.0009,0,1,1,1
RB-NQ_claude_-5299749370232228058_P-GranularityMismatch_MEDIUM_59c17c9b_1256,-5299749370232228058,P-GranularityMismatch,MEDIUM,1,0,-1.3602,-5.3750,0.0057,0,0,0,0
RB-NQ_deepseek_5560309333336506479_P-Ambiguity_LOW_d9c18d31_1663,5560309333336506479,P-Ambiguity,LOW,0,1,-6.5739,-10.1250,-2.7252,0,0,0,0
RB-NQ_claude_-5061926765893337070_P-Ambiguity_MEDIUM_b65449c8_0844,-5061926765893337070,P-Ambiguity,MEDIUM,1,2,-2.2948,0.5000,2.0489,0,0,1,1
RB-NQ_claude_4925057086725798331_P-MissingInfo_MEDIUM_51b3d551_1150,4925057086725798331,P-MissingInfo,MEDIUM,1,3,1.2550,4.2500,0.7505,1,1,1,0
RB-NQ_claude_-1176280233636154422_P-EpistemicMismatch_HIGH_305d34af_0193,-1176280233636154422,P-EpistemicMismatch,HIGH,1,4,1.8434,5.1250,4.7008,1,1,1,1
RB-NQ_claude_-1176280233636154422_P-EpistemicMismatch_MEDIUM_b8033be7_0192,-1176280233636154422,P-EpistemicMismatch,MEDIUM,1,4,1.4098,2.5000,6.4146,1,1,1,1
RB-NQ_nova_-1176280233636154422_P-EpistemicMismatch_HIGH_8501b633_3706,-1176280233636154422,P-EpistemicMismatch,HIGH,1,4,4.7837,8.7500,9.3083,1,1,1,1
RB-NQ_nova_2642993931001870696_P-MissingInfo_HIGH_5bed5f3e_3982,2642993931001870696,P-MissingInfo,HIGH,1,2,2.9342,9.0000,0.7803,1,1,1,1
RB-NQ_gpt_-1373652773107850061_P-Ambiguity_MEDIUM_a325a4f4_3167,-1373652773107850061,P-Ambiguity,MEDIUM,1,1,-10.7553,-6.5000,1.0046,0,0,0,1
RB-NQ_gpt_307455002465526783_P-Ambiguity_HIGH_a638c56a_2586,307455002465526783,P-Ambiguity,HIGH,1,3,-3.2046,-5.1250,4.1100,0,0,0,1
RB-NQ_nova_867176429412490099_P-MissingInfo_LOW_508fe663_3929,867176429412490099,P-MissingInfo,LOW,0,0,0.6094,3.3750,-0.6717,1,1,1,0
RB-NQ_deepseek_-204697481439605710_P-MissingInfo_LOW_eed0ad76_2009,-204697481439605710,P-MissingInfo,LOW,0,3,-6.8619,-10.5000,-2.8867,0,0,0,0
RB-NQ_deepseek_3616632103136384232_P-MissingInfo_MEDIUM_406046e5_2179,3616632103136384232,P-MissingInfo,MEDIUM,1,3,2.6224,0.7500,1.7979,1,1,1,1
RB-NQ_gpt_-5519267321423308172_P-Ambiguity_LOW_14b91ea7_2983,-5519267321423308172,P-Ambiguity,LOW,0,3,-2.5161,-7.7500,-3.5915,0,1,0,0
RB-NQ_claude_-1373652773107850061_P-EpistemicMismatch_MEDIUM_5bc7d44c_0965,-1373652773107850061,P-EpistemicMismatch,MEDIUM,1,1,-1.9714,-2.0000,5.5431,0,1,1,1
RB-NQ_gpt_-6992125597790283273_P-Contradiction_HIGH_17d7e747_2634,-6992125597790283273,P-Contradiction,HIGH,1,2,-7.1461,-3.3750,0.9405,0,0,0,1
RB-NQ_nova_8350528572960416643_P-Contradiction_LOW_e13e4b7b_4253,8350528572960416643,P-Contradiction,LOW,0,4,1.4483,2.8750,0.4265,1,1,1,0
RB-NQ_gpt_7402184777947527945_P-Ambiguity_HIGH_2b69bfa6_2457,7402184777947527945,P-Ambiguity,HIGH,1,3,0.1479,3.6250,7.0087,1,1,1,1
RB-NQ_nova_7363398765815807969_P-Contradiction_LOW_5155b6e8_3774,7363398765815807969,P-Contradiction,LOW,0,3,-2.4489,-0.7500,-1.6196,0,1,1,0
RB-NQ_claude_-3655952387338820756_P-GranularityMismatch_LOW_e212126e_0638,-3655952387338820756,P-GranularityMismatch,LOW,0,0,-3.0610,-10.8750,-4.5375,0,0,0,0
RB-NQ_deepseek_-1176280233636154422_P-MissingInfo_HIGH_7a2c8d09_1488,-1176280233636154422,P-MissingInfo,HIGH,1,4,-0.0505,-0.5000,-0.1826,0,1,1,0
RB-NQ_claude_-3563945110717053326_P-MissingInfo_HIGH_905e0d38_0750,-3563945110717053326,P-MissingInfo,HIGH,1,4,-1.8566,-3.0000,2.8070,0,1,1,1
RB-NQ_claude_7402184777947527945_P-Contradiction_MEDIUM_b7e07d73_0226,7402184777947527945,P-Contradiction,MEDIUM,1,3,-4.7324,-3.7500,0.7252,0,0,0,0
RB-NQ_deepseek_5560309333336506479_P-Contradiction_HIGH_cbac9448_1666,5560309333336506479,P-Contradiction,HIGH,1,1,-4.5533,-6.0000,-3.2765,0,0,0,0
RB-NQ_gpt_4925057086725798331_P-MissingInfo_LOW_7edac7a1_3365,4925057086725798331,P-MissingInfo,LOW,0,3,-2.8986,-1.3750,-1.7637,0,0,1,0
RB-NQ_claude_-1602885085222027775_P-Ambiguity_LOW_b1830c04_0254,-1602885085222027775,P-Ambiguity,LOW,0,4,-5.5251,-9.1250,-3.5985,0,0,0,0
RB-NQ_deepseek_7610758795954724809_P-Ambiguity_LOW_5e8ae5f7_1521,7610758795954724809,P-Ambiguity,LOW,0,4,-5.7534,-7.5000,-4.2558,0,0,0,0
RB-NQ_nova_5874093358022821909_P-Ambiguity_HIGH_6701cc7a_4024,5874093358022821909,P-Ambiguity,HIGH,1,1,-3.1760,-11.2500,-0.9205,0,0,0,0
RB-NQ_deepseek_1803248910342766083_P-Ambiguity_MEDIUM_8319c399_1474,1803248910342766083,P-Ambiguity,MEDIUM,1,3,3.3300,6.5000,8.0106,1,1,1,1
RB-NQ_gpt_-5061926765893337070_P-Ambiguity_MEDIUM_d8316601_3062,-5061926765893337070,P-Ambiguity,MEDIUM,1,2,-2.3046,-3.7500,0.5517,0,0,0,0
RB-NQ_gpt_-5299749370232228058_P-Ambiguity_HIGH_e7193499_3447,-5299749370232228058,P-Ambiguity,HIGH,1,0,-1.8524,3.1250,2.4267,0,0,1,1
RB-NQ_gpt_-8366545547296627039_P-FalsePremise_LOW_78dbe4a4_2233,-8366545547296627039,P-FalsePremise,LOW,0,0,-2.9387,-7.7500,-2.8676,0,0,0,0
RB-NQ_gpt_6969539427365218166_P-Contradiction_MEDIUM_ed0c8d1a_3423,6969539427365218166,P-Contradiction,MEDIUM,1,0,-2.2718,-0.8750,-0.4892,0,0,1,0
RB-NQ_deepseek_-8366545547296627039_P-EpistemicMismatch_HIGH_5793324e_1362,-8366545547296627039,P-EpistemicMismatch,HIGH,1,0,0.5951,2.3750,9.9010,1,1,1,1
RB-NQ_deepseek_-8366545547296627039_P-EpistemicMismatch_MEDIUM_131f4789_1361,-8366545547296627039,P-EpistemicMismatch,MEDIUM,1,0,-5.3464,-10.0000,-0.2999,0,0,0,0
RB-NQ_deepseek_-8366545547296627039_P-GranularityMismatch_LOW_d6b0abf5_1359,-8366545547296627039,P-GranularityMismatch,LOW,0,0,-3.6911,-7.8750,-2.4130,0,0,0,0
RB-NQ_deepseek_-8366545547296627039_P-GranularityMismatch_MEDIUM_79d5d5b5_1360,-8366545547296627039,P-GranularityMismatch,MEDIUM,1,0,-1.9583,-3.7500,-0.7842,0,0,0,0
RB-NQ_gpt_-8366545547296627039_P-EpistemicMismatch_HIGH_99abd5b6_2240,-8366545547296627039,P-EpistemicMismatch,HIGH,1,0,0.5005,-0.7500,10.4034,1,1,1,1
RB-NQ_gpt_-8366545547296627039_P-GranularityMismatch_MEDIUM_a3684224_2236,-8366545547296627039,P-GranularityMismatch,MEDIUM,1,0,-2.6483,-5.0000,2.2756,0,0,0,1
RB-NQ_claude_-8964430330382911432_P-MissingInfo_HIGH_e272e160_0737,-8964430330382911432,P-MissingInfo,HIGH,1,4,-5.2927,-8.5000,-5.4108,0,0,0,0
RB-NQ_deepseek_-918571312056093750_P-Ambiguity_MEDIUM_ac2009b6_2195,-918571312056093750,P-Ambiguity,MEDIUM,1,0,1.6165,0.7500,2.2577,1,1,1,1
RB-NQ_gpt_-8366545547296627039_P-GranularityMismatch_HIGH_b5accc81_2237,-8366545547296627039,P-GranularityMismatch,HIGH,1,0,5.2415,9.2500,6.1908,1,1,1,1
RB-NQ_nova_-1206653570097564556_P-Contradiction_LOW_2feb18b3_3626,-1206653570097564556,P-Contradiction,LOW,0,2,-7.4278,-0.3750,0.2662,0,0,1,0
RB-NQ_nova_4925057086725798331_P-GranularityMismatch_MEDIUM_8884d629_4427,4925057086725798331,P-GranularityMismatch,MEDIUM,1,3,-2.5100,-2.3750,2.1085,0,1,1,1
RB-NQ_claude_-3655952387338820756_P-EpistemicMismatch_MEDIUM_d41e456e_0641,-3655952387338820756,P-EpistemicMismatch,MEDIUM,1,0,1.7011,2.7500,5.9048,1,1,1,1
RB-NQ_claude_-3655952387338820756_P-FalsePremise_LOW_acb69f06_0635,-3655952387338820756,P-FalsePremise,LOW,0,0,4.6045,-0.3750,0.5570,1,1,1,0
RB-NQ_claude_-3655952387338820756_P-FalsePremise_MEDIUM_0d8098e7_0636,-3655952387338820756,P-FalsePremise,MEDIUM,1,0,3.7083,2.3750,7.0800,1,1,1,1
RB-NQ_gpt_7732521529054562311_P-Contradiction_MEDIUM_67d5f715_2576,7732521529054562311,P-Contradiction,MEDIUM,1,4,-5.6303,-2.7500,7.5094,0,0,1,1
RB-NQ_deepseek_-3655952387338820756_P-EpistemicMismatch_HIGH_ceb7f81d_1786,-3655952387338820756,P-EpistemicMismatch,HIGH,1,0,0.8948,5.2500,0.7476,1,1,1,1
RB-NQ_deepseek_-3655952387338820756_P-FalsePremise_HIGH_63c92f59_1785,-3655952387338820756,P-FalsePremise,HIGH,1,0,-2.6184,-6.6250,-2.1978,0,0,0,0
RB-NQ_gpt_-3655952387338820756_P-EpistemicMismatch_MEDIUM_d5278c7e_2871,-3655952387338820756,P-EpistemicMismatch,MEDIUM,1,0,3.8933,2.8750,5.0347,1,1,1,1
RB-NQ_claude_-3655952387338820756_P-GranularityMismatch_MEDIUM_dc2bea6e_0639,-3655952387338820756,P-GranularityMismatch,MEDIUM,1,0,-1.0219,-1.6250,4.0335,0,1,1,1
RB-NQ_deepseek_-6992125597790283273_P-GranularityMismatch_MEDIUM_b3f9ce8d_1633,-6992125597790283273,P-GranularityMismatch,MEDIUM,1,2,-6.6509,-5.5000,1.5966,0,0,0,1
RB-NQ_gpt_-3655952387338820756_P-GranularityMismatch_HIGH_9cb4ef3d_2869,-3655952387338820756,P-GranularityMismatch,HIGH,1,0,5.5811,7.3750,8.6168,1,1,1,1
RB-NQ_claude_-458159261891926107_P-MissingInfo_LOW_eb329e71_0605,-458159261891926107,P-MissingInfo,LOW,0,0,0.1637,0.2500,0.8753,1,1,1,1
RB-NQ_claude_-5299749370232228058_P-Ambiguity_MEDIUM_4b641523_1245,-5299749370232228058,P-Ambiguity,MEDIUM,1,0,-2.5758,1.5000,1.5591,0,0,1,1
RB-NQ_claude_5911119091653953181_P-MissingInfo_LOW_03db322d_0199,5911119091653953181,P-MissingInfo,LOW,0,3,-4.5409,-6.0000,-2.6228,0,0,0,0
RB-NQ_deepseek_-9169976182548289414_P-MissingInfo_MEDIUM_10624047_1412,-9169976182548289414,P-MissingInfo,MEDIUM,1,3,-4.0020,-2.2500,-2.5694,0,0,1,0
RB-NQ_nova_307455002465526783_P-Ambiguity_MEDIUM_e8d4ae60_3827,307455002465526783,P-Ambiguity,MEDIUM,1,3,-2.9768,-5.0000,4.2610,0,0,0,1
RB-NQ_deepseek_7402184777947527945_P-Contradiction_MEDIUM_20626451_1512,7402184777947527945,P-Contradiction,MEDIUM,1,3,-0.3160,4.3750,0.5923,0,1,1,0
RB-NQ_gpt_-4173780285858774112_P-MissingInfo_HIGH_a5881247_2742,-4173780285858774112,P-MissingInfo,HIGH,1,2,-1.6154,-4.2500,-0.4265,0,0,0,0
RB-NQ_gpt_307455002465526783_P-Ambiguity_MEDIUM_d4ab8342_2585,307455002465526783,P-Ambiguity,MEDIUM,1,3,-2.3716,-4.1250,4.1027,0,1,0,1
RB-NQ_nova_7402184777947527945_P-Ambiguity_HIGH_0bbb96e1_3731,7402184777947527945,P-Ambiguity,HIGH,1,3,2.4177,6.6250,6.3786,1,1,1,1
RB-NQ_claude_1803248910342766083_P-Contradiction_HIGH_556547ba_0170,1803248910342766083,P-Contradiction,HIGH,1,3,-2.9075,-3.1250,2.2106,0,0,0,1
RB-NQ_gpt_-2321556715412254267_P-GranularityMismatch_MEDIUM_d657c76d_2827,-2321556715412254267,P-GranularityMismatch,MEDIUM,1,4,-2.6218,1.7500,2.8334,0,0,1,1
RB-NQ_claude_-5061926765893337070_P-Contradiction_LOW_7d8e20fb_0846,-5061926765893337070,P-Contradiction,LOW,0,2,-5.4731,1.1250,0.6950,0,0,1,1
RB-NQ_gpt_4941105400369114094_P-Ambiguity_MEDIUM_53be3e95_3263,4941105400369114094,P-Ambiguity,MEDIUM,1,0,-2.8445,-4.7500,3.3137,0,0,0,1
RB-NQ_claude_-4621948696356225060_P-FalsePremise_HIGH_b08cf7cf_0051,-4621948696356225060,P-FalsePremise,HIGH,1,0,6.2159,11.0000,2.4749,1,1,1,1
RB-NQ_deepseek_-3563945110717053326_P-GranularityMismatch_HIGH_cf8bca33_1849,-3563945110717053326,P-GranularityMismatch,HIGH,1,4,4.4358,11.7500,9.9921,1,1,1,1
RB-NQ_deepseek_-4621948696356225060_P-FalsePremise_MEDIUM_c307d3e9_1402,-4621948696356225060,P-FalsePremise,MEDIUM,1,0,1.9397,-2.3750,1.1588,1,1,1,1
RB-NQ_claude_-204697481439605710_P-MissingInfo_LOW_0412a313_1013,-204697481439605710,P-MissingInfo,LOW,0,3,-6.2988,-10.2500,-2.8263,0,0,0,0
RB-NQ_deepseek_-4621948696356225060_P-GranularityMismatch_HIGH_534d7e0c_1405,-4621948696356225060,P-GranularityMismatch,HIGH,1,0,0.5777,-3.7500,2.3804,1,1,0,1
RB-NQ_deepseek_-918571312056093750_P-Contradiction_HIGH_4c44b13c_2196,-918571312056093750,P-Contradiction,HIGH,1,0,-0.3383,0.1250,2.5859,0,1,1,1
RB-NQ_gpt_-4621948696356225060_P-GranularityMismatch_MEDIUM_fea0709d_2299,-4621948696356225060,P-GranularityMismatch,MEDIUM,1,0,5.2047,3.0000,3.6952,1,1,1,1
RB-NQ_nova_4925057086725798331_P-MissingInfo_HIGH_105e08bc_4424,4925057086725798331,P-MissingInfo,HIGH,1,3,1.4885,4.2500,2.2752,1,1,1,1
RB-NQ_nova_5560309333336506479_P-GranularityMismatch_LOW_6b2292c9_3914,5560309333336506479,P-GranularityMismatch,LOW,0,1,-6.0291,-8.7500,-4.5354,0,0,0,0
RB-NQ_claude_5560309333336506479_P-EpistemicMismatch_LOW_4dbb1ebb_0479,5560309333336506479,P-EpistemicMismatch,LOW,0,1,-5.6316,-12.6250,-3.5904,0,0,0,0
RB-NQ_claude_5560309333336506479_P-FalsePremise_LOW_10e2e811_0474,5560309333336506479,P-FalsePremise,LOW,0,1,-5.4464,-5.7500,-3.5110,0,0,0,0
RB-NQ_deepseek_-4621948696356225060_P-EpistemicMismatch_LOW_801397a1_1406,-4621948696356225060,P-EpistemicMismatch,LOW,0,0,-3.8968,-12.0000,-3.9051,0,0,0,0
RB-NQ_deepseek_-4621948696356225060_P-GranularityMismatch_LOW_40ebb780_1403,-4621948696356225060,P-GranularityMismatch,LOW,0,0,-1.5704,-5.7500,-1.6612,0,0,0,0
RB-NQ_deepseek_-4621948696356225060_P-GranularityMismatch_MEDIUM_d66eb515_1404,-4621948696356225060,P-GranularityMismatch,MEDIUM,1,0,-2.2882,-7.5000,-0.2975,0,0,0,0
RB-NQ_deepseek_5560309333336506479_P-FalsePremise_LOW_74e3c27e_1668,5560309333336506479,P-FalsePremise,LOW,0,1,-5.0893,-3.6250,-2.6657,0,0,1,0
RB-NQ_deepseek_5560309333336506479_P-FalsePremise_MEDIUM_27936d3e_1669,5560309333336506479,P-FalsePremise,MEDIUM,1,1,-3.0345,-2.2500,-3.4937,0,0,1,0
RB-NQ_deepseek_5560309333336506479_P-GranularityMismatch_MEDIUM_fb7b3c58_1671,5560309333336506479,P-GranularityMismatch,MEDIUM,1,1,-3.5749,-6.2500,-2.7289,0,0,0,0
RB-NQ_gpt_-4621948696356225060_P-EpistemicMismatch_MEDIUM_88870fb2_2301,-4621948696356225060,P-EpistemicMismatch,MEDIUM,1,0,6.1561,3.5000,3.5990,1,1,1,1
RB-NQ_gpt_-4621948696356225060_P-MissingInfo_LOW_3dc1d37a_2294,-4621948696356225060,P-MissingInfo,LOW,0,0,-1.5746,-6.6250,-1.3288,0,0,0,0
RB-NQ_gpt_5560309333336506479_P-EpistemicMismatch_HIGH_cad60b8b_2712,5560309333336506479,P-EpistemicMismatch,HIGH,1,1,1.7690,-4.0000,3.2003,1,1,0,1
RB-NQ_nova_-5299749370232228058_P-Contradiction_LOW_4a417bd5_4493,-5299749370232228058,P-Contradiction,LOW,0,0,-5.7037,-7.6250,-2.4171,0,0,0,0
RB-NQ_nova_3022939638183417538_P-Ambiguity_LOW_50c89b25_3966,3022939638183417538,P-Ambiguity,LOW,0,0,-5.9750,-12.5000,-0.4320,0,0,0,0
RB-NQ_nova_5560309333336506479_P-FalsePremise_MEDIUM_335f06fd_3913,5560309333336506479,P-FalsePremise,MEDIUM,1,1,-1.9224,0.1250,-0.9300,0,1,1,0
RB-NQ_claude_-3655952387338820756_P-MissingInfo_LOW_48b1c8bf_0632,-3655952387338820756,P-MissingInfo,LOW,0,0,-3.2285,-10.8750,-0.7837,0,0,0,0
RB-NQ_claude_5560309333336506479_P-GranularityMismatch_HIGH_8213d4a3_0478,5560309333336506479,P-GranularityMismatch,HIGH,1,1,6.3151,7.8750,1.8145,1,1,1,1
RB-NQ_claude_5874093358022821909_P-MissingInfo_MEDIUM_f9b5899f_0619,5874093358022821909,P-MissingInfo,MEDIUM,1,1,-3.2777,-8.3750,-0.7850,0,0,0,0
RB-NQ_gpt_5560309333336506479_P-EpistemicMismatch_LOW_4923a44e_2710,5560309333336506479,P-EpistemicMismatch,LOW,0,1,-6.4455,-11.2500,-4.9422,0,0,0,0
RB-NQ_deepseek_-1602885085222027775_P-Ambiguity_LOW_1342b00c_1530,-1602885085222027775,P-Ambiguity,LOW,0,4,-2.8032,-3.6250,-1.9776,0,0,1,0
RB-NQ_deepseek_-1602885085222027775_P-FalsePremise_MEDIUM_59c91e39_1537,-1602885085222027775,P-FalsePremise,MEDIUM,1,4,-0.0371,1.8750,-0.5032,0,1,1,0
RB-NQ_deepseek_-1602885085222027775_P-GranularityMismatch_HIGH_db1a7dda_1540,-1602885085222027775,P-GranularityMismatch,HIGH,1,4,1.8846,5.0000,2.8679,1,1,1,1
RB-NQ_gpt_-1176280233636154422_P-MissingInfo_LOW_819fadb5_2423,-1176280233636154422,P-MissingInfo,LOW,0,4,-1.4253,-1.6250,-0.5198,0,1,1,0
RB-NQ_gpt_-1602885085222027775_P-FalsePremise_HIGH_fa9cdae5_2496,-1602885085222027775,P-FalsePremise,HIGH,1,4,6.8370,9.2500,2.7170,1,1,1,1
RB-NQ_gpt_-1602885085222027775_P-GranularityMismatch_HIGH_b7ef9acf_2497,-1602885085222027775,P-GranularityMismatch,HIGH,1,4,6.8145,11.1250,7.3070,1,1,1,1
RB-NQ_gpt_-458159261891926107_P-Contradiction_HIGH_3adb570a_2835,-458159261891926107,P-Contradiction,HIGH,1,0,-1.2879,-2.2500,1.3189,0,1,1,1
RB-NQ_nova_-1602885085222027775_P-EpistemicMismatch_LOW_f8aa5a8d_3764,-1602885085222027775,P-EpistemicMismatch,LOW,0,4,-4.6002,-7.7500,-2.0977,0,0,0,0
RB-NQ_nova_-1602885085222027775_P-EpistemicMismatch_MEDIUM_524c6166_3765,-1602885085222027775,P-EpistemicMismatch,MEDIUM,1,4,-5.6927,-9.3750,-2.7106,0,0,0,0
RB-NQ_nova_-1602885085222027775_P-GranularityMismatch_HIGH_a1d52c05_3763,-1602885085222027775,P-GranularityMismatch,HIGH,1,4,6.4814,7.8750,3.6008,1,1,1,1
RB-NQ_claude_1803248910342766083_P-Ambiguity_HIGH_6a5fbb53_0168,1803248910342766083,P-Ambiguity,HIGH,1,3,-3.3135,1.1250,4.5073,0,0,1,1
RB-NQ_nova_-7941948650465895222_P-MissingInfo_LOW_16a7fead_3870,-7941948650465895222,P-MissingInfo,LOW,0,1,-2.7002,-2.5000,-0.5797,0,0,1,0
RB-NQ_nova_3312666837228082099_P-Ambiguity_HIGH_88136602_3806,3312666837228082099,P-Ambiguity,HIGH,1,4,-4.2149,-0.1250,2.9577,0,0,1,1
RB-NQ_claude_-1932118074616697613_P-EpistemicMismatch_MEDIUM_e35ccd42_1212,-1932118074616697613,P-EpistemicMismatch,MEDIUM,1,1,1.5404,6.2500,3.8838,1,1,1,1
RB-NQ_deepseek_-1206653570097564556_P-Ambiguity_MEDIUM_c0fd018f_1428,-1206653570097564556,P-Ambiguity,MEDIUM,1,2,-4.4685,-1.8750,1.5612,0,0,1,1
RB-NQ_deepseek_-1602885085222027775_P-GranularityMismatch_MEDIUM_94cb1745_1539,-1602885085222027775,P-GranularityMismatch,MEDIUM,1,4,-3.3725,-6.8750,-2.4254,0,0,0,0
RB-NQ_deepseek_6605227747829720945_P-Ambiguity_HIGH_1407de95_1962,6605227747829720945,P-Ambiguity,HIGH,1,0,-3.9482,-8.6250,2.3572,0,0,0,1
RB-NQ_gpt_-1602885085222027775_P-Ambiguity_LOW_7cc0eb0c_2486,-1602885085222027775,P-Ambiguity,LOW,0,4,-4.7862,-7.6250,-2.6028,0,0,0,0
RB-NQ_gpt_-1602885085222027775_P-MissingInfo_LOW_56c31db5_2491,-1602885085222027775,P-MissingInfo,LOW,0,4,-3.7694,-7.2500,-3.7728,0,0,0,0
RB-NQ_gpt_-1932118074616697613_P-FalsePremise_HIGH_0c27a2c4_3416,-1932118074616697613,P-FalsePremise,HIGH,1,1,6.1751,9.6250,4.2285,1,1,1,1
RB-NQ_gpt_-3655952387338820756_P-MissingInfo_LOW_33da2047_2862,-3655952387338820756,P-MissingInfo,LOW,0,0,-3.4072,-8.6250,-1.8897,0,0,0,0
RB-NQ_nova_-1932118074616697613_P-EpistemicMismatch_HIGH_c71b1d5c_4472,-1932118074616697613,P-EpistemicMismatch,HIGH,1,1,3.2661,7.0000,4.3687,1,1,1,1
RB-NQ_nova_-1932118074616697613_P-EpistemicMismatch_MEDIUM_221e2ab8_4471,-1932118074616697613,P-EpistemicMismatch,MEDIUM,1,1,-0.8800,0.6250,3.0299,0,1,1,1
RB-NQ_nova_-1932118074616697613_P-FalsePremise_MEDIUM_4f5cd217_4467,-1932118074616697613,P-FalsePremise,MEDIUM,1,1,-0.1105,6.1250,1.3582,0,1,1,1
RB-NQ_nova_7610758795954724809_P-EpistemicMismatch_HIGH_7ec03d9e_3758,7610758795954724809,P-EpistemicMismatch,HIGH,1,4,1.5181,5.8750,3.3325,1,1,1,1
RB-NQ_nova_7610758795954724809_P-EpistemicMismatch_MEDIUM_68f2ce24_3757,7610758795954724809,P-EpistemicMismatch,MEDIUM,1,4,1.2451,5.5000,5.0793,1,1,1,1
RB-NQ_nova_7610758795954724809_P-GranularityMismatch_HIGH_a74336ce_3755,7610758795954724809,P-GranularityMismatch,HIGH,1,4,5.1456,15.0000,8.5301,1,1,1,1
RB-NQ_nova_7610758795954724809_P-GranularityMismatch_MEDIUM_2d82a9ef_3754,7610758795954724809,P-GranularityMismatch,MEDIUM,1,4,2.7383,6.6250,6.7296,1,1,1,1
RB-NQ_deepseek_-7941948650465895222_P-MissingInfo_LOW_87ff0d38_1640,-7941948650465895222,P-MissingInfo,LOW,0,1,-2.3633,-0.8750,-0.7398,0,1,1,0
RB-NQ_deepseek_-8366545547296627039_P-MissingInfo_LOW_4e35f4c1_1356,-8366545547296627039,P-MissingInfo,LOW,0,0,-5.2274,-12.1250,-2.6720,0,0,0,0
RB-NQ_nova_6605227747829720945_P-Ambiguity_MEDIUM_85aceb45_4262,6605227747829720945,P-Ambiguity,MEDIUM,1,0,-6.2584,-8.5000,1.5497,0,0,0,1
RB-NQ_claude_-6992125597790283273_P-Ambiguity_HIGH_57d970d5_0400,-6992125597790283273,P-Ambiguity,HIGH,1,2,-9.0396,-8.3750,0.2690,0,0,0,0
RB-NQ_claude_7610758795954724809_P-Ambiguity_MEDIUM_5e2bd310_0239,7610758795954724809,P-Ambiguity,MEDIUM,1,4,-2.0338,-0.3750,-0.1117,0,1,1,0
RB-NQ_claude_7610758795954724809_P-GranularityMismatch_MEDIUM_e835b4ef_0250,7610758795954724809,P-GranularityMismatch,MEDIUM,1,4,1.3109,2.6250,4.3101,1,1,1,1
RB-NQ_claude_7732521529054562311_P-Contradiction_LOW_5f7ec27c_0340,7732521529054562311,P-Contradiction,LOW,0,4,-4.7455,-5.7500,3.1272,0,0,0,1
RB-NQ_deepseek_7610758795954724809_P-GranularityMismatch_LOW_f5ed6453_1527,7610758795954724809,P-GranularityMismatch,LOW,0,4,-5.7243,-9.6250,-2.3425,0,0,0,0
RB-NQ_deepseek_7610758795954724809_P-GranularityMismatch_MEDIUM_1184b50e_1528,7610758795954724809,P-GranularityMismatch,MEDIUM,1,4,1.0890,2.8750,-1.0790,1,1,1,0
RB-NQ_gpt_-1932118074616697613_P-EpistemicMismatch_LOW_440c397b_3419,-1932118074616697613,P-EpistemicMismatch,LOW,0,1,0.4021,3.3750,2.0290,1,1,1,1
RB-NQ_gpt_7610758795954724809_P-Ambiguity_MEDIUM_0ebab7f1_2472,7610758795954724809,P-Ambiguity,MEDIUM,1,4,-4.1327,-6.3750,-2.8227,0,0,0,0
RB-NQ_nova_700604097171850168_P-GranularityMismatch_HIGH_88f3eab8_3660,700604097171850168,P-GranularityMismatch,HIGH,1,1,6.4711,15.3750,6.0362,1,1,1,1
RB-NQ_deepseek_-5519267321423308172_P-MissingInfo_MEDIUM_d21a3af8_1859,-5519267321423308172,P-MissingInfo,MEDIUM,1,3,-5.5209,-12.5000,-3.2326,0,0,0,0
RB-NQ_gpt_7402184777947527945_P-Contradiction_HIGH_37b56ca3_2460,7402184777947527945,P-Contradiction,HIGH,1,3,5.6593,11.6250,9.2681,1,1,1,1
RB-NQ_gpt_1803248910342766083_P-Contradiction_LOW_e98ba86a_2408,1803248910342766083,P-Contradiction,LOW,0,3,-3.8734,-0.2500,0.4277,0,0,1,0
RB-NQ_deepseek_-1932118074616697613_P-MissingInfo_LOW_1c51d1cc_2138,-1932118074616697613,P-MissingInfo,LOW,0,1,1.2629,6.7500,1.8556,1,1,1,1
RB-NQ_nova_-6992125597790283273_P-EpistemicMismatch_LOW_07938797_3865,-6992125597790283273,P-EpistemicMismatch,LOW,0,2,-8.3448,-10.0000,-0.4566,0,0,0,0
RB-NQ_claude_5874093358022821909_P-FalsePremise_HIGH_a138073d_0623,5874093358022821909,P-FalsePremise,HIGH,1,1,0.8069,2.0000,2.2529,1,1,1,1
RB-NQ_claude_5874093358022821909_P-FalsePremise_MEDIUM_3aaa7780_0622,5874093358022821909,P-FalsePremise,MEDIUM,1,1,2.1569,4.3750,2.0989,1,1,1,1
RB-NQ_deepseek_5874093358022821909_P-FalsePremise_MEDIUM_2a3abf98_1771,5874093358022821909,P-FalsePremise,MEDIUM,1,1,-0.1280,-3.7500,3.7071,0,1,1,1
RB-NQ_deepseek_7402184777947527945_P-Contradiction_HIGH_bd9ca79b_1513,7402184777947527945,P-Contradiction,HIGH,1,3,-2.0725,0.6250,5.2716,0,1,1,1
RB-NQ_nova_5874093358022821909_P-FalsePremise_MEDIUM_ef87890f_4029,5874093358022821909,P-FalsePremise,MEDIUM,1,1,1.2420,1.7500,2.5591,1,1,1,1
RB-NQ_nova_5874093358022821909_P-GranularityMismatch_LOW_90426a5c_4031,5874093358022821909,P-GranularityMismatch,LOW,0,1,-3.3323,-8.6250,0.2148,0,0,0,1
RB-NQ_nova_5874093358022821909_P-GranularityMismatch_MEDIUM_929f458a_4032,5874093358022821909,P-GranularityMismatch,MEDIUM,1,1,-1.6642,-8.3750,2.8473,0,1,0,1
RB-NQ_claude_7610758795954724809_P-MissingInfo_HIGH_37e94506_0246,7610758795954724809,P-MissingInfo,HIGH,1,4,-0.9548,-0.2500,3.2430,0,1,1,1
RB-NQ_deepseek_-1602885085222027775_P-MissingInfo_HIGH_ebf5b4c3_1535,-1602885085222027775,P-MissingInfo,HIGH,1,4,-1.4542,-1.3750,3.3062,0,1,1,1
RB-NQ_nova_1725103917763203519_P-MissingInfo_LOW_755f6b06_4389,1725103917763203519,P-MissingInfo,LOW,0,3,-1.6672,-6.8750,0.0151,0,1,0,0
RB-NQ_deepseek_5874093358022821909_P-EpistemicMismatch_LOW_5c9d25ad_1776,5874093358022821909,P-EpistemicMismatch,LOW,0,1,-3.9054,-11.8750,-1.5306,0,0,0,0
RB-NQ_deepseek_5874093358022821909_P-GranularityMismatch_HIGH_5e110a45_1775,5874093358022821909,P-GranularityMismatch,HIGH,1,1,-1.1656,-7.3750,-0.5309,0,1,0,0
RB-NQ_deepseek_5874093358022821909_P-GranularityMismatch_MEDIUM_cd6ff69c_1774,5874093358022821909,P-GranularityMismatch,MEDIUM,1,1,0.0748,-3.6250,0.1110,1,1,1,0
RB-NQ_gpt_-6992125597790283273_P-Ambiguity_HIGH_e0855c51_2631,-6992125597790283273,P-Ambiguity,HIGH,1,2,-9.2789,-9.8750,-0.4494,0,0,0,0
RB-NQ_gpt_5874093358022821909_P-EpistemicMismatch_LOW_e0e0d2b9_2855,5874093358022821909,P-EpistemicMismatch,LOW,0,1,-4.9831,-12.6250,-3.1623,0,0,0,0
RB-NQ_gpt_5874093358022821909_P-FalsePremise_HIGH_a039c4d7_2852,5874093358022821909,P-FalsePremise,HIGH,1,1,2.6366,4.0000,2.3900,1,1,1,1
RB-NQ_gpt_5874093358022821909_P-FalsePremise_LOW_7d29a065_2850,5874093358022821909,P-FalsePremise,LOW,0,1,-1.7677,-5.2500,-1.1292,0,1,0,0
RB-NQ_gpt_5874093358022821909_P-FalsePremise_MEDIUM_e9b58725_2851,5874093358022821909,P-FalsePremise,MEDIUM,1,1,1.4525,0.7500,2.9788,1,1,1,1
RB-NQ_gpt_8730028009751947933_P-FalsePremise_HIGH_27f22bdb_3493,8730028009751947933,P-FalsePremise,HIGH,1,0,-4.7075,-7.5000,1.3615,0,0,0,1
RB-NQ_gpt_8730028009751947933_P-GranularityMismatch_HIGH_1d5bb3eb_3496,8730028009751947933,P-GranularityMismatch,HIGH,1,0,2.6410,3.3750,6.9154,1,1,1,1
RB-NQ_gpt_8730028009751947933_P-GranularityMismatch_LOW_8c51080b_3494,8730028009751947933,P-GranularityMismatch,LOW,0,0,-7.8819,-13.1250,-1.9033,0,0,0,0
RB-NQ_nova_-5519267321423308172_P-EpistemicMismatch_HIGH_ba244f28_4143,-5519267321423308172,P-EpistemicMismatch,HIGH,1,3,0.7899,4.3750,10.2721,1,1,1,1
RB-NQ_nova_-5519267321423308172_P-FalsePremise_HIGH_6ebd546f_4141,-5519267321423308172,P-FalsePremise,HIGH,1,3,0.3153,5.5000,0.8327,1,1,1,0
RB-NQ_nova_-5519267321423308172_P-FalsePremise_LOW_537e6ef5_4139,-5519267321423308172,P-FalsePremise,LOW,0,3,-2.5617,-8.1250,-4.0138,0,1,0,0
RB-NQ_nova_-5519267321423308172_P-FalsePremise_MEDIUM_aa1490bc_4140,-5519267321423308172,P-FalsePremise,MEDIUM,1,3,-1.3013,-1.5000,-0.9955,0,1,1,0
RB-NQ_claude_3312666837228082099_P-GranularityMismatch_MEDIUM_9791d74f_0334,3312666837228082099,P-GranularityMismatch,MEDIUM,1,4,1.0543,1.1250,0.7985,1,1,1,1
RB-NQ_gpt_-1206653570097564556_P-Contradiction_LOW_d60b875f_2328,-1206653570097564556,P-Contradiction,LOW,0,2,-7.7326,0.1250,0.1985,0,0,1,0
RB-NQ_nova_7402184777947527945_P-Contradiction_LOW_ef6b5417_3732,7402184777947527945,P-Contradiction,LOW,0,3,-1.4252,-0.8750,1.1785,0,1,1,0
RB-NQ_deepseek_-1602885085222027775_P-Ambiguity_MEDIUM_c71e7b19_1531,-1602885085222027775,P-Ambiguity,MEDIUM,1,4,-4.8025,-8.5000,-2.6705,0,0,0,0
RB-NQ_deepseek_8730028009751947933_P-EpistemicMismatch_LOW_41cd427d_2192,8730028009751947933,P-EpistemicMismatch,LOW,0,0,-2.7450,-6.0000,-2.2086,0,0,0,0
RB-NQ_deepseek_8730028009751947933_P-GranularityMismatch_HIGH_58a43e24_2191,8730028009751947933,P-GranularityMismatch,HIGH,1,0,1.2198,3.2500,3.1474,1,1,1,1
RB-NQ_claude_-5519267321423308172_P-GranularityMismatch_HIGH_7a725c2a_0767,-5519267321423308172,P-GranularityMismatch,HIGH,1,3,4.8737,10.8750,4.8640,1,1,1,1
RB-NQ_gpt_-5519267321423308172_P-FalsePremise_LOW_7d425564_2987,-5519267321423308172,P-FalsePremise,LOW,0,3,-0.2847,3.0000,-1.7421,0,1,1,0
RB-NQ_gpt_5560309333336506479_P-MissingInfo_LOW_3f0e95c8_2701,5560309333336506479,P-MissingInfo,LOW,0,1,-5.2244,-6.5000,-4.4031,0,0,0,0
RB-NQ_claude_-1367137361753059601_P-FalsePremise_HIGH_b39c2459_0892,-1367137361753059601,P-FalsePremise,HIGH,1,1,2.9229,1.0000,2.8533,1,1,1,1
RB-NQ_gpt_-1367137361753059601_P-FalsePremise_HIGH_84810ed9_3107,-1367137361753059601,P-FalsePremise,HIGH,1,1,-1.9932,-5.0000,0.6745,0,1,0,1
RB-NQ_gpt_-1367137361753059601_P-GranularityMismatch_HIGH_347bf97a_3109,-1367137361753059601,P-GranularityMismatch,HIGH,1,1,4.5898,13.0000,3.0695,1,1,1,1
RB-NQ_nova_-1367137361753059601_P-FalsePremise_HIGH_96d9cd01_4229,-1367137361753059601,P-FalsePremise,HIGH,1,1,3.0461,7.2500,3.0161,1,1,1,1
RB-NQ_nova_-1367137361753059601_P-GranularityMismatch_LOW_17e5a7ad_4230,-1367137361753059601,P-GranularityMismatch,LOW,0,1,-4.2972,-7.8750,-0.9279,0,0,0,0
RB-NQ_deepseek_-1367137361753059601_P-EpistemicMismatch_HIGH_41197aa9_1937,-1367137361753059601,P-EpistemicMismatch,HIGH,1,1,0.2267,-2.7500,3.7460,1,1,1,1
RB-NQ_deepseek_-1367137361753059601_P-EpistemicMismatch_MEDIUM_f33b0ffd_1936,-1367137361753059601,P-EpistemicMismatch,MEDIUM,1,1,5.4302,4.0000,4.6875,1,1,1,1
RB-NQ_gpt_7363398765815807969_P-Ambiguity_LOW_faca0970_2515,7363398765815807969,P-Ambiguity,LOW,0,3,-3.3845,-3.2500,-0.6947,0,0,0,0
RB-NQ_deepseek_-6992125597790283273_P-Contradiction_HIGH_93303591_1628,-6992125597790283273,P-Contradiction,HIGH,1,2,-5.5287,-1.8750,2.7354,0,0,1,1
RB-NQ_deepseek_3312666837228082099_P-Contradiction_LOW_258f0ef7_1584,3312666837228082099,P-Contradiction,LOW,0,4,-0.9000,0.8750,-0.7867,0,1,1,0
RB-NQ_nova_-1367137361753059601_P-MissingInfo_LOW_da353fc5_4224,-1367137361753059601,P-MissingInfo,LOW,0,1,-5.2701,-11.2500,-1.4717,0,0,0,0
RB-NQ_claude_6969539427365218166_P-Contradiction_HIGH_eb216935_1217,6969539427365218166,P-Contradiction,HIGH,1,0,-2.7070,-0.5000,-1.4802,0,0,1,0
RB-NQ_deepseek_-1602885085222027775_P-Ambiguity_HIGH_9cc22763_1532,-1602885085222027775,P-Ambiguity,HIGH,1,4,-4.9035,-4.8750,3.5161,0,0,0,1
RB-NQ_deepseek_8730028009751947933_P-MissingInfo_HIGH_468f5a5a_2188,8730028009751947933,P-MissingInfo,HIGH,1,0,-5.0589,-10.1250,0.2797,0,0,0,0
RB-NQ_claude_4941105400369114094_P-FalsePremise_HIGH_b774e891_1058,4941105400369114094,P-FalsePremise,HIGH,1,0,-0.9121,-4.6250,5.9727,0,1,0,1
RB-NQ_deepseek_3022939638183417538_P-Ambiguity_LOW_552555fd_1718,3022939638183417538,P-Ambiguity,LOW,0,0,-5.2649,-12.8750,-4.2386,0,0,0,0
RB-NQ_deepseek_6605227747829720945_P-Ambiguity_LOW_b40edbb5_1961,6605227747829720945,P-Ambiguity,LOW,0,0,-6.7813,-10.5000,1.2987,0,0,0,1
RB-NQ_gpt_4941105400369114094_P-GranularityMismatch_LOW_41208643_3272,4941105400369114094,P-GranularityMismatch,LOW,0,0,-2.5158,-5.0000,3.1256,0,0,0,1
RB-NQ_nova_4941105400369114094_P-FalsePremise_HIGH_16aa556c_4351,4941105400369114094,P-FalsePremise,HIGH,1,0,1.8094,2.0000,8.7943,1,1,1,1
RB-NQ_nova_4941105400369114094_P-FalsePremise_MEDIUM_b3ba88c5_4350,4941105400369114094,P-FalsePremise,MEDIUM,1,0,1.4617,2.0000,5.7404,1,1,1,1
RB-NQ_nova_4941105400369114094_P-GranularityMismatch_MEDIUM_4ed17494_4352,4941105400369114094,P-GranularityMismatch,MEDIUM,1,0,0.2007,-3.2500,3.6431,1,1,0,1
RB-NQ_claude_-918571312056093750_P-FalsePremise_LOW_78e9fb83_1307,-918571312056093750,P-FalsePremise,LOW,0,0,0.9821,-0.2500,-0.4802,1,1,1,0
RB-NQ_claude_-918571312056093750_P-GranularityMismatch_LOW_a04d0028_1309,-918571312056093750,P-GranularityMismatch,LOW,0,0,1.0533,-2.1250,1.2705,1,1,1,1
RB-NQ_claude_7363398765815807969_P-Ambiguity_LOW_b25ee6e7_0279,7363398765815807969,P-Ambiguity,LOW,0,3,-2.6701,1.3750,-0.5718,0,0,1,0
RB-NQ_deepseek_-918571312056093750_P-FalsePremise_LOW_62ff9b22_2198,-918571312056093750,P-FalsePremise,LOW,0,0,-0.7528,-2.1250,-0.6988,0,1,1,0
RB-NQ_nova_-918571312056093750_P-EpistemicMismatch_HIGH_20b18f2f_4539,-918571312056093750,P-EpistemicMismatch,HIGH,1,0,3.5902,6.3750,8.2262,1,1,1,1
RB-NQ_claude_4941105400369114094_P-EpistemicMismatch_LOW_1958c168_1061,4941105400369114094,P-EpistemicMismatch,LOW,0,0,-2.2287,-5.1250,2.1904,0,0,0,1
RB-NQ_claude_7732521529054562311_P-Ambiguity_LOW_fe8c48c2_0338,7732521529054562311,P-Ambiguity,LOW,0,4,-5.3109,-6.6250,4.0387,0,0,0,1
RB-NQ_deepseek_-918571312056093750_P-FalsePremise_MEDIUM_c03b4ef9_2199,-918571312056093750,P-FalsePremise,MEDIUM,1,0,2.9720,2.0000,6.1483,1,1,1,1
RB-NQ_deepseek_-918571312056093750_P-GranularityMismatch_MEDIUM_aa2b620a_2200,-918571312056093750,P-GranularityMismatch,MEDIUM,1,0,2.2335,1.7500,0.3750,1,1,1,0
RB-NQ_deepseek_4941105400369114094_P-EpistemicMismatch_LOW_45b24c2c_2036,4941105400369114094,P-EpistemicMismatch,LOW,0,0,-2.2416,-5.1250,2.1904,0,0,0,1
RB-NQ_deepseek_4941105400369114094_P-EpistemicMismatch_MEDIUM_4011574f_2037,4941105400369114094,P-EpistemicMismatch,MEDIUM,1,0,1.6480,-2.0000,8.0179,1,1,1,1
RB-NQ_deepseek_4941105400369114094_P-FalsePremise_LOW_db8e848c_2032,4941105400369114094,P-FalsePremise,LOW,0,0,-2.4994,-4.6250,1.6657,0,0,0,1
RB-NQ_deepseek_4941105400369114094_P-FalsePremise_MEDIUM_898b04c5_2033,4941105400369114094,P-FalsePremise,MEDIUM,1,0,-1.7076,-5.1250,2.5966,0,0,0,1
RB-NQ_gpt_4941105400369114094_P-GranularityMismatch_MEDIUM_05de72bb_3273,4941105400369114094,P-GranularityMismatch,MEDIUM,1,0,1.5851,0.5000,5.4091,1,1,1,1
RB-NQ_gpt_-918571312056093750_P-EpistemicMismatch_LOW_7fe68763_3509,-918571312056093750,P-EpistemicMismatch,LOW,0,0,-3.5439,-5.1250,-3.8849,0,0,0,0
RB-NQ_gpt_-918571312056093750_P-FalsePremise_HIGH_d5103b78_3506,-918571312056093750,P-FalsePremise,HIGH,1,0,3.5056,2.6250,2.1180,1,1,1,1
RB-NQ_gpt_-918571312056093750_P-GranularityMismatch_HIGH_c226e7c1_3508,-918571312056093750,P-GranularityMismatch,HIGH,1,0,2.1223,2.6250,3.4910,1,1,1,1
RB-NQ_nova_-918571312056093750_P-GranularityMismatch_HIGH_a06a4e3d_4537,-918571312056093750,P-GranularityMismatch,HIGH,1,0,3.9980,4.6250,3.2315,1,1,1,1
RB-NQ_deepseek_7610758795954724809_P-MissingInfo_MEDIUM_7d831aea_1525,7610758795954724809,P-MissingInfo,MEDIUM,1,4,-2.7586,-0.8750,-2.7325,0,0,1,0
RB-NQ_gpt_7610758795954724809_P-MissingInfo_MEDIUM_8a2c874a_2476,7610758795954724809,P-MissingInfo,MEDIUM,1,4,-1.6125,-0.5000,-3.5968,0,1,1,0
RB-NQ_nova_6969539427365218166_P-Contradiction_LOW_897715af_4474,6969539427365218166,P-Contradiction,LOW,0,0,-3.3135,-4.7500,-4.1119,0,0,0,0
RB-NQ_deepseek_6144099837933283715_P-Contradiction_HIGH_05dfe9f5_1388,6144099837933283715,P-Contradiction,HIGH,1,0,4.6968,12.3750,8.6691,1,1,1,1
RB-NQ_gpt_7732521529054562311_P-Ambiguity_MEDIUM_bb58e7d4_2574,7732521529054562311,P-Ambiguity,MEDIUM,1,4,-6.8663,-8.8750,0.7495,0,0,0,1
RB-NQ_deepseek_-5519267321423308172_P-Ambiguity_HIGH_ebf8beae_1855,-5519267321423308172,P-Ambiguity,HIGH,1,3,-2.5886,-4.7500,-2.1252,0,1,0,0
RB-NQ_nova_1803248910342766083_P-Ambiguity_LOW_1784b9e8_3683,1803248910342766083,P-Ambiguity,LOW,0,3,-2.9558,-4.7500,0.4943,0,0,0,0
RB-NQ_claude_7363398765815807969_P-GranularityMismatch_HIGH_973650b4_0292,7363398765815807969,P-GranularityMismatch,HIGH,1,3,6.0536,9.3750,5.6638,1,1,1,1
RB-NQ_deepseek_-5519267321423308172_P-MissingInfo_LOW_8d651b88_1858,-5519267321423308172,P-MissingInfo,LOW,0,3,-2.6929,-13.3750,-3.5380,0,0,0,0
RB-NQ_deepseek_5874093358022821909_P-MissingInfo_HIGH_bc2c4657_1769,5874093358022821909,P-MissingInfo,HIGH,1,1,-2.7235,-6.8750,-0.5181,0,0,0,0
RB-NQ_gpt_3022939638183417538_P-Ambiguity_LOW_667689f1_2778,3022939638183417538,P-Ambiguity,LOW,0,0,-6.1232,-11.2500,-2.2040,0,0,0,0
RB-NQ_nova_7363398765815807969_P-FalsePremise_HIGH_45e21ce8_3781,7363398765815807969,P-FalsePremise,HIGH,1,3,5.2187,7.6250,3.6972,1,1,1,1
RB-NQ_nova_7363398765815807969_P-GranularityMismatch_MEDIUM_99480814_3783,7363398765815807969,P-GranularityMismatch,MEDIUM,1,3,-2.2019,-1.6250,0.7785,0,1,1,0
RB-NQ_claude_6969539427365218166_P-GranularityMismatch_MEDIUM_172abee8_1225,6969539427365218166,P-GranularityMismatch,MEDIUM,1,0,-0.7351,-4.6250,1.4737,0,1,0,1
RB-NQ_deepseek_7363398765815807969_P-FalsePremise_LOW_24c11cd4_1556,7363398765815807969,P-FalsePremise,LOW,0,3,-0.0168,4.2500,-1.8667,0,1,1,0
RB-NQ_deepseek_-1367137361753059601_P-MissingInfo_LOW_047628e6_1933,-1367137361753059601,P-MissingInfo,LOW,0,1,-6.0440,-11.1250,-2.2691,0,0,0,0
RB-NQ_deepseek_-8366545547296627039_P-MissingInfo_MEDIUM_68ee501d_1357,-8366545547296627039,P-MissingInfo,MEDIUM,1,0,-2.8848,-7.0000,-2.0314,0,0,0,0
RB-NQ_gpt_-8366545547296627039_P-MissingInfo_MEDIUM_026e0451_2231,-8366545547296627039,P-MissingInfo,MEDIUM,1,0,-2.6346,-6.5000,-2.6264,0,0,0,0
RB-NQ_gpt_7363398765815807969_P-EpistemicMismatch_HIGH_ef2067b6_2527,7363398765815807969,P-EpistemicMismatch,HIGH,1,3,3.6200,1.5000,6.1413,1,1,1,1
RB-NQ_gpt_7363398765815807969_P-EpistemicMismatch_LOW_d01e8f21_2525,7363398765815807969,P-EpistemicMismatch,LOW,0,3,-2.3528,-8.5000,-2.3030,0,1,0,0
RB-NQ_nova_-3655952387338820756_P-MissingInfo_LOW_ee3b9e73_4039,-3655952387338820756,P-MissingInfo,LOW,0,0,-3.3564,-9.7500,-1.9119,0,0,0,0
RB-NQ_gpt_-1367137361753059601_P-MissingInfo_MEDIUM_08da1934_3104,-1367137361753059601,P-MissingInfo,MEDIUM,1,1,-2.3619,-8.8750,-1.1229,0,1,0,0
RB-NQ_claude_8350528572960416643_P-EpistemicMismatch_HIGH_3c889419_0938,8350528572960416643,P-EpistemicMismatch,HIGH,1,4,5.9723,12.0000,5.7971,1,1,1,1
RB-NQ_claude_8350528572960416643_P-FalsePremise_LOW_543cb14d_0932,8350528572960416643,P-FalsePremise,LOW,0,4,3.2604,4.5000,1.8877,1,1,1,1
RB-NQ_claude_8350528572960416643_P-GranularityMismatch_HIGH_4ef2a89b_0936,8350528572960416643,P-GranularityMismatch,HIGH,1,4,4.4613,9.5000,6.7519,1,1,1,1
RB-NQ_nova_3312666837228082099_P-Ambiguity_MEDIUM_095156de_3805,3312666837228082099,P-Ambiguity,MEDIUM,1,4,2.5179,4.2500,6.7853,1,1,1,1
RB-NQ_nova_6144099837933283715_P-Contradiction_LOW_574dbed2_3590,6144099837933283715,P-Contradiction,LOW,0,0,-0.3559,-1.5000,0.1537,0,1,1,0
RB-NQ_nova_8350528572960416643_P-FalsePremise_LOW_ff4feeaa_4258,8350528572960416643,P-FalsePremise,LOW,0,4,2.1116,5.0000,1.3725,1,1,1,1
RB-NQ_claude_-8199145431277346508_P-EpistemicMismatch_LOW_8bb22270_0669,-8199145431277346508,P-EpistemicMismatch,LOW,0,3,-2.5022,-10.0000,-4.1285,0,1,0,0
RB-NQ_nova_-1367137361753059601_P-MissingInfo_MEDIUM_09ba32ca_4225,-1367137361753059601,P-MissingInfo,MEDIUM,1,1,-2.2538,-8.1250,-0.9122,0,1,0,0
RB-NQ_deepseek_-1932118074616697613_P-MissingInfo_HIGH_aa14814d_2139,-1932118074616697613,P-MissingInfo,HIGH,1,1,1.8831,8.7500,2.2489,1,1,1,1
RB-NQ_deepseek_8350528572960416643_P-GranularityMismatch_HIGH_205ab988_1958,8350528572960416643,P-GranularityMismatch,HIGH,1,4,3.9303,6.0000,3.8227,1,1,1,1
RB-NQ_deepseek_8350528572960416643_P-GranularityMismatch_LOW_e472176b_1957,8350528572960416643,P-GranularityMismatch,LOW,0,4,1.1511,3.5000,0.9919,1,1,1,1
RB-NQ_gpt_8350528572960416643_P-GranularityMismatch_LOW_cd5fc8b9_3150,8350528572960416643,P-GranularityMismatch,LOW,0,4,0.9394,3.1250,1.2437,1,1,1,1
RB-NQ_nova_8350528572960416643_P-MissingInfo_LOW_23c9e1fb_4256,8350528572960416643,P-MissingInfo,LOW,0,4,1.1050,3.2500,1.8515,1,1,1,1
RB-NQ_claude_8350528572960416643_P-GranularityMismatch_LOW_a1fbed0a_0934,8350528572960416643,P-GranularityMismatch,LOW,0,4,0.4293,1.0000,3.1355,1,1,1,1
RB-NQ_claude_-1373652773107850061_P-EpistemicMismatch_HIGH_7311aa0d_0966,-1373652773107850061,P-EpistemicMismatch,HIGH,1,1,-2.5569,-5.0000,4.1215,0,0,0,1
RB-NQ_claude_-1373652773107850061_P-FalsePremise_HIGH_b97cc8fa_0962,-1373652773107850061,P-FalsePremise,HIGH,1,1,4.0756,5.2500,3.5273,1,1,1,1
RB-NQ_claude_-1373652773107850061_P-FalsePremise_MEDIUM_ecd0e071_0961,-1373652773107850061,P-FalsePremise,MEDIUM,1,1,-5.5103,-2.7500,-0.0412,0,0,1,0
RB-NQ_claude_-1373652773107850061_P-GranularityMismatch_HIGH_81dd7d47_0964,-1373652773107850061,P-GranularityMismatch,HIGH,1,1,5.0309,8.3750,7.1070,1,1,1,1
RB-NQ_deepseek_-1373652773107850061_P-FalsePremise_MEDIUM_664c92d4_1975,-1373652773107850061,P-FalsePremise,MEDIUM,1,1,-5.1146,-1.6250,0.4316,0,0,1,1
RB-NQ_deepseek_-1373652773107850061_P-GranularityMismatch_LOW_06390cbb_1977,-1373652773107850061,P-GranularityMismatch,LOW,0,1,-10.8704,-8.6250,0.3020,0,0,0,1
RB-NQ_gpt_-1373652773107850061_P-FalsePremise_LOW_9ec3c5fc_3173,-1373652773107850061,P-FalsePremise,LOW,0,1,-4.0613,-1.3750,0.8651,0,0,1,1
RB-NQ_nova_-1373652773107850061_P-EpistemicMismatch_MEDIUM_9145335d_4279,-1373652773107850061,P-EpistemicMismatch,MEDIUM,1,1,-2.7993,0.1250,3.3180,0,0,1,1
RB-NQ_nova_-1373652773107850061_P-FalsePremise_LOW_e6179071_4275,-1373652773107850061,P-FalsePremise,LOW,0,1,-7.8750,-3.7500,-0.3300,0,0,1,0
RB-NQ_nova_-1373652773107850061_P-FalsePremise_MEDIUM_dc1fa985_4276,-1373652773107850061,P-FalsePremise,MEDIUM,1,1,-3.5564,0.7500,0.5230,0,0,1,1
RB-NQ_nova_-1373652773107850061_P-GranularityMismatch_LOW_1df25ae0_4277,-1373652773107850061,P-GranularityMismatch,LOW,0,1,-9.5179,-7.1250,0.4240,0,0,0,1
RB-NQ_claude_-2321556715412254267_P-FalsePremise_MEDIUM_479ceb5c_0593,-2321556715412254267,P-FalsePremise,MEDIUM,1,4,-6.8888,-2.1250,1.7995,0,0,1,1
RB-NQ_deepseek_-1373652773107850061_P-Ambiguity_LOW_11438924_1971,-1373652773107850061,P-Ambiguity,LOW,0,1,-8.2101,-3.5000,-0.1202,0,0,1,0
RB-NQ_deepseek_-5519267321423308172_P-Ambiguity_MEDIUM_7fa332ca_1854,-5519267321423308172,P-Ambiguity,MEDIUM,1,3,5.1706,5.3750,8.7161,1,1,1,1
RB-NQ_gpt_-1373652773107850061_P-GranularityMismatch_HIGH_14b8892f_3177,-1373652773107850061,P-GranularityMismatch,HIGH,1,1,3.8283,6.2500,4.2180,1,1,1,1
RB-NQ_nova_-2321556715412254267_P-GranularityMismatch_MEDIUM_66ae2f75_4008,-2321556715412254267,P-GranularityMismatch,MEDIUM,1,4,-8.6567,-12.8750,-0.1875,0,0,0,0
RB-NQ_nova_6969539427365218166_P-Ambiguity_LOW_d759297b_4473,6969539427365218166,P-Ambiguity,LOW,0,0,-2.9370,-4.6250,-3.3306,0,0,0,0
RB-NQ_claude_-2321556715412254267_P-GranularityMismatch_MEDIUM_f484303e_0596,-2321556715412254267,P-GranularityMismatch,MEDIUM,1,4,-2.7601,-8.8750,3.1655,0,0,0,1
RB-NQ_deepseek_-2321556715412254267_P-Ambiguity_HIGH_5a06fa39_1746,-2321556715412254267,P-Ambiguity,HIGH,1,4,-9.9344,-12.2500,-0.7124,0,0,0,0
RB-NQ_deepseek_-2321556715412254267_P-EpistemicMismatch_HIGH_a9085c4f_1756,-2321556715412254267,P-EpistemicMismatch,HIGH,1,4,-5.5624,-6.3750,1.3792,0,0,0,1
RB-NQ_deepseek_-2321556715412254267_P-EpistemicMismatch_LOW_00da9db2_1754,-2321556715412254267,P-EpistemicMismatch,LOW,0,4,-6.3957,-15.6250,-8.8354,0,0,0,0
RB-NQ_deepseek_-2321556715412254267_P-GranularityMismatch_LOW_ce794dfa_1752,-2321556715412254267,P-GranularityMismatch,LOW,0,4,-7.5409,-7.6250,-1.7596,0,0,0,0
RB-NQ_deepseek_5874093358022821909_P-Ambiguity_HIGH_b2eb859a_1767,5874093358022821909,P-Ambiguity,HIGH,1,1,-2.4465,-7.5000,0.1128,0,0,0,0
RB-NQ_gpt_-2321556715412254267_P-FalsePremise_MEDIUM_c871d5b8_2825,-2321556715412254267,P-FalsePremise,MEDIUM,1,4,3.4384,3.0000,6.1650,1,1,1,1
RB-NQ_claude_4344803622779505142_P-MissingInfo_HIGH_a6ab7141_0382,4344803622779505142,P-MissingInfo,HIGH,1,0,-1.5315,0.1250,4.6609,0,0,1,1
RB-NQ_deepseek_7732521529054562311_P-Contradiction_MEDIUM_3c7c658f_1595,7732521529054562311,P-Contradiction,MEDIUM,1,4,-5.2371,-5.5000,4.8665,0,0,0,1
RB-NQ_claude_-1932118074616697613_P-MissingInfo_LOW_5c616c31_1205,-1932118074616697613,P-MissingInfo,LOW,0,1,2.0769,6.7500,2.1515,1,1,1,1
RB-NQ_deepseek_4344803622779505142_P-EpistemicMismatch_MEDIUM_7c52fd01_1619,4344803622779505142,P-EpistemicMismatch,MEDIUM,1,0,-0.5713,0.8750,2.7420,0,1,1,1
RB-NQ_deepseek_8350528572960416643_P-MissingInfo_HIGH_2935ca50_1954,8350528572960416643,P-MissingInfo,HIGH,1,4,1.9822,5.0000,2.6075,1,1,1,1
RB-NQ_claude_-8199145431277346508_P-Ambiguity_MEDIUM_7b900c73_0657,-8199145431277346508,P-Ambiguity,MEDIUM,1,3,3.0334,5.1250,1.3460,1,1,1,1
RB-NQ_claude_3022939638183417538_P-FalsePremise_MEDIUM_9541bb54_0553,3022939638183417538,P-FalsePremise,MEDIUM,1,0,-1.2996,4.0000,1.1562,0,1,1,1
RB-NQ_claude_3022939638183417538_P-MissingInfo_MEDIUM_71152b84_0550,3022939638183417538,P-MissingInfo,MEDIUM,1,0,-4.0843,-9.5000,-0.5075,0,0,0,0
RB-NQ_claude_8350528572960416643_P-MissingInfo_MEDIUM_8d3cc557_0930,8350528572960416643,P-MissingInfo,MEDIUM,1,4,0.7614,3.7500,2.5137,1,1,1,1
RB-NQ_deepseek_3022939638183417538_P-FalsePremise_LOW_b6f203c7_1721,3022939638183417538,P-FalsePremise,LOW,0,0,-5.2178,-10.1250,-3.1640,0,0,0,0
RB-NQ_deepseek_4344803622779505142_P-GranularityMismatch_LOW_3cba8a1b_1616,4344803622779505142,P-GranularityMismatch,LOW,0,0,-2.7800,-0.6250,0.8936,0,0,1,1
RB-NQ_deepseek_4344803622779505142_P-GranularityMismatch_MEDIUM_c4872a96_1617,4344803622779505142,P-GranularityMismatch,MEDIUM,1,0,2.2954,4.5000,2.6723,1,1,1,1
RB-NQ_gpt_3022939638183417538_P-FalsePremise_HIGH_4aae0ec8_2786,3022939638183417538,P-FalsePremise,HIGH,1,0,-1.0387,1.8750,1.1181,0,1,1,1
RB-NQ_nova_3022939638183417538_P-EpistemicMismatch_HIGH_4572d01a_3977,3022939638183417538,P-EpistemicMismatch,HIGH,1,0,-1.8874,0.8750,4.1517,0,0,1,1
RB-NQ_nova_3022939638183417538_P-EpistemicMismatch_MEDIUM_5ffaaf02_3976,3022939638183417538,P-EpistemicMismatch,MEDIUM,1,0,-6.8700,-5.8750,0.4878,0,0,0,0
RB-NQ_nova_3022939638183417538_P-FalsePremise_HIGH_a85e35f4_3972,3022939638183417538,P-FalsePremise,HIGH,1,0,2.4499,8.8750,0.4902,1,1,1,0
RB-NQ_nova_3022939638183417538_P-GranularityMismatch_LOW_1b9486e9_3973,3022939638183417538,P-GranularityMismatch,LOW,0,0,-7.2750,-12.6250,-1.3264,0,0,0,0
RB-NQ_claude_7363398765815807969_P-MissingInfo_MEDIUM_642eec46_0286,7363398765815807969,P-MissingInfo,MEDIUM,1,3,1.1464,2.2500,0.3191,1,1,1,0
RB-NQ_deepseek_3022939638183417538_P-EpistemicMismatch_HIGH_f4302587_1724,3022939638183417538,P-EpistemicMismatch,HIGH,1,0,-4.1042,-10.1250,-1.0688,0,0,0,0
RB-NQ_deepseek_3022939638183417538_P-GranularityMismatch_HIGH_f8344ac5_1722,3022939638183417538,P-GranularityMismatch,HIGH,1,0,-4.1344,-6.1250,0.2277,0,0,0,0
RB-NQ_gpt_3022939638183417538_P-GranularityMismatch_LOW_4b4d9f98_2787,3022939638183417538,P-GranularityMismatch,LOW,0,0,-7.6448,-12.3750,-3.3308,0,0,0,0
RB-NQ_deepseek_3022939638183417538_P-MissingInfo_MEDIUM_d24b0ec8_1720,3022939638183417538,P-MissingInfo,MEDIUM,1,0,-5.6014,-12.5000,0.1180,0,0,0,0
RB-NQ_gpt_307455002465526783_P-EpistemicMismatch_HIGH_9c44429a_2599,307455002465526783,P-EpistemicMismatch,HIGH,1,3,2.9915,8.1250,6.5380,1,1,1,1
RB-NQ_claude_7610758795954724809_P-MissingInfo_MEDIUM_e1bc227f_0245,7610758795954724809,P-MissingInfo,MEDIUM,1,4,-2.4209,-1.3750,-1.9785,0,1,1,0
RB-NQ_deepseek_-8199145431277346508_P-Contradiction_LOW_3804a764_1795,-8199145431277346508,P-Contradiction,LOW,0,3,0.8345,1.2500,0.5883,1,1,1,0
RB-NQ_deepseek_-3655952387338820756_P-MissingInfo_HIGH_82506c3b_1784,-3655952387338820756,P-MissingInfo,HIGH,1,0,-0.7986,-7.6250,0.2584,0,1,0,0
RB-NQ_deepseek_6969539427365218166_P-Ambiguity_HIGH_db6f1741_2143,6969539427365218166,P-Ambiguity,HIGH,1,0,-1.9883,-3.3750,-4.4447,0,0,0,0
RB-NQ_deepseek_7402184777947527945_P-EpistemicMismatch_LOW_7cf65094_1518,7402184777947527945,P-EpistemicMismatch,LOW,0,3,-1.8560,-2.3750,4.0860,0,1,1,1
RB-NQ_gpt_-2321556715412254267_P-MissingInfo_LOW_90fcd1e4_2821,-2321556715412254267,P-MissingInfo,LOW,0,4,-7.4639,-5.3750,-1.7184,0,0,0,0
RB-NQ_gpt_-3655952387338820756_P-MissingInfo_HIGH_ec93a61c_2863,-3655952387338820756,P-MissingInfo,HIGH,1,0,-0.7802,-5.5000,-0.8566,0,1,0,0
RB-NQ_claude_-6992125597790283273_P-GranularityMismatch_HIGH_a031be8f_0411,-6992125597790283273,P-GranularityMismatch,HIGH,1,2,5.0668,9.5000,3.4396,1,1,1,1
RB-NQ_claude_6605227747829720945_P-EpistemicMismatch_MEDIUM_eeff1a15_0950,6605227747829720945,P-EpistemicMismatch,MEDIUM,1,0,1.4552,3.7500,1.8218,1,1,1,1
RB-NQ_claude_6605227747829720945_P-FalsePremise_MEDIUM_15f45f69_0947,6605227747829720945,P-FalsePremise,MEDIUM,1,0,5.6606,12.1250,7.5405,1,1,1,1
RB-NQ_claude_6605227747829720945_P-GranularityMismatch_HIGH_d55b392a_0949,6605227747829720945,P-GranularityMismatch,HIGH,1,0,4.9125,10.2500,8.3392,1,1,1,1
RB-NQ_deepseek_-6992125597790283273_P-EpistemicMismatch_HIGH_aaa47c87_1635,-6992125597790283273,P-EpistemicMismatch,HIGH,1,2,-3.0999,-4.7500,0.7331,0,0,0,1
RB-NQ_deepseek_-6992125597790283273_P-FalsePremise_LOW_de656f1e_1631,-6992125597790283273,P-FalsePremise,LOW,0,2,-3.1159,-5.1250,0.0664,0,0,0,0
RB-NQ_gpt_-6992125597790283273_P-FalsePremise_MEDIUM_bb1a99d4_2638,-6992125597790283273,P-FalsePremise,MEDIUM,1,2,2.5664,2.6250,2.9416,1,1,1,1
RB-NQ_gpt_6605227747829720945_P-EpistemicMismatch_MEDIUM_bb8a041b_3164,6605227747829720945,P-EpistemicMismatch,MEDIUM,1,0,-3.7525,-4.3750,-1.5706,0,0,0,0
RB-NQ_gpt_6605227747829720945_P-GranularityMismatch_HIGH_35aeae76_3163,6605227747829720945,P-GranularityMismatch,HIGH,1,0,-2.2024,0.8750,2.8226,0,0,1,1
RB-NQ_nova_-6992125597790283273_P-EpistemicMismatch_HIGH_4ab50b11_3867,-6992125597790283273,P-EpistemicMismatch,HIGH,1,2,1.9221,5.7500,4.4241,1,1,1,1
RB-NQ_nova_-6992125597790283273_P-EpistemicMismatch_MEDIUM_14b82b9a_3866,-6992125597790283273,P-EpistemicMismatch,MEDIUM,1,2,0.6991,-1.8750,0.8803,1,1,1,1
RB-NQ_nova_6605227747829720945_P-GranularityMismatch_MEDIUM_29dc94d5_4268,6605227747829720945,P-GranularityMismatch,MEDIUM,1,0,1.7964,1.7500,2.7910,1,1,1,1
RB-NQ_gpt_-1373652773107850061_P-MissingInfo_HIGH_3d710f6d_3172,-1373652773107850061,P-MissingInfo,HIGH,1,1,-9.1464,-6.7500,0.1148,0,0,0,0
RB-NQ_gpt_4941105400369114094_P-MissingInfo_HIGH_57173541_3269,4941105400369114094,P-MissingInfo,HIGH,1,0,-2.0537,-3.8750,4.5190,0,0,0,1
RB-NQ_deepseek_-6992125597790283273_P-Ambiguity_LOW_be2e6f62_1625,-6992125597790283273,P-Ambiguity,LOW,0,2,-9.0748,-9.2500,-0.8474,0,0,0,0
RB-NQ_deepseek_6605227747829720945_P-EpistemicMismatch_LOW_bc0d8b1b_1969,6605227747829720945,P-EpistemicMismatch,LOW,0,0,-4.0290,-3.8750,-1.4778,0,0,0,0
RB-NQ_deepseek_6605227747829720945_P-EpistemicMismatch_MEDIUM_54bc85e7_1970,6605227747829720945,P-EpistemicMismatch,MEDIUM,1,0,-4.0250,-4.3750,-0.9667,0,0,0,0
RB-NQ_gpt_-6992125597790283273_P-GranularityMismatch_LOW_15dce44a_2640,-6992125597790283273,P-GranularityMismatch,LOW,0,2,-4.9460,-5.6250,1.0579,0,0,0,1
RB-NQ_deepseek_3312666837228082099_P-Ambiguity_MEDIUM_891fe2cc_1582,3312666837228082099,P-Ambiguity,MEDIUM,1,4,2.3363,5.0000,4.7202,1,1,1,1
RB-NQ_claude_7402184777947527945_P-MissingInfo_MEDIUM_8f0db5df_0229,7402184777947527945,P-MissingInfo,MEDIUM,1,3,1.1997,0.8750,3.7723,1,1,1,1
RB-NQ_deepseek_7493304116642628789_P-MissingInfo_MEDIUM_6a0ed922_2120,7493304116642628789,P-MissingInfo,MEDIUM,1,4,-0.9935,-2.5000,0.0159,0,1,1,0
RB-NQ_claude_-5061926765893337070_P-FalsePremise_LOW_f9644be2_0851,-5061926765893337070,P-FalsePremise,LOW,0,2,-1.4495,1.1250,0.0870,0,0,1,0
RB-NQ_deepseek_-5061926765893337070_P-FalsePremise_HIGH_1f503fd4_1911,-5061926765893337070,P-FalsePremise,HIGH,1,2,-2.2886,0.0000,0.5292,0,0,1,0
RB-NQ_deepseek_-5061926765893337070_P-FalsePremise_MEDIUM_abaf26e0_1910,-5061926765893337070,P-FalsePremise,MEDIUM,1,2,6.5381,12.5000,3.0994,1,1,1,1
RB-NQ_gpt_-5061926765893337070_P-Ambiguity_LOW_f94e7041_3061,-5061926765893337070,P-Ambiguity,LOW,0,2,-7.2506,-3.5000,-0.8628,0,0,0,0
RB-NQ_gpt_-5061926765893337070_P-EpistemicMismatch_MEDIUM_7b34d7a4_3074,-5061926765893337070,P-EpistemicMismatch,MEDIUM,1,2,1.9874,4.2500,2.4367,1,1,1,1
RB-NQ_gpt_-5061926765893337070_P-FalsePremise_HIGH_306da358_3071,-5061926765893337070,P-FalsePremise,HIGH,1,2,6.0733,9.5000,4.7647,1,1,1,1
RB-NQ_gpt_-5061926765893337070_P-FalsePremise_MEDIUM_f0fc7276_3070,-5061926765893337070,P-FalsePremise,MEDIUM,1,2,6.5376,12.5000,3.0994,1,1,1,1
RB-NQ_nova_-6992125597790283273_P-MissingInfo_MEDIUM_158b3c3a_3860,-6992125597790283273,P-MissingInfo,MEDIUM,1,2,-4.2233,-6.3750,0.2090,0,0,0,0
RB-NQ_claude_-1206653570097564556_P-EpistemicMismatch_MEDIUM_c29b196a_0096,-1206653570097564556,P-EpistemicMismatch,MEDIUM,1,2,5.6622,7.3750,4.9492,1,1,1,1
RB-NQ_gpt_-1206653570097564556_P-FalsePremise_MEDIUM_b2cd0bf9_2332,-1206653570097564556,P-FalsePremise,MEDIUM,1,2,3.5290,2.5000,2.4079,1,1,1,1
RB-NQ_nova_-1206653570097564556_P-EpistemicMismatch_HIGH_d87e8d2d_3635,-1206653570097564556,P-EpistemicMismatch,HIGH,1,2,4.2904,8.8750,4.9083,1,1,1,1
RB-NQ_nova_-1206653570097564556_P-EpistemicMismatch_LOW_00dda674_3633,-1206653570097564556,P-EpistemicMismatch,LOW,0,2,-7.8466,-7.6250,-1.0349,0,0,0,0
RB-NQ_nova_-1206653570097564556_P-FalsePremise_HIGH_5b7fecb3_3632,-1206653570097564556,P-FalsePremise,HIGH,1,2,5.7618,11.6250,3.6752,1,1,1,1
RB-NQ_nova_-1206653570097564556_P-FalsePremise_LOW_1c0b163c_3630,-1206653570097564556,P-FalsePremise,LOW,0,2,-6.2329,5.8750,3.5747,0,0,1,1
RB-NQ_nova_-5061926765893337070_P-MissingInfo_MEDIUM_150c3095_4195,-5061926765893337070,P-MissingInfo,MEDIUM,1,2,-6.1307,-5.5000,-0.7238,0,0,0,0
RB-NQ_deepseek_-5061926765893337070_P-EpistemicMismatch_LOW_d44cff73_1913,-5061926765893337070,P-EpistemicMismatch,LOW,0,2,-5.5715,-14.7500,-3.7947,0,0,0,0
RB-NQ_deepseek_-918571312056093750_P-MissingInfo_HIGH_1e62a57f_2197,-918571312056093750,P-MissingInfo,HIGH,1,0,0.2201,0.0000,1.7760,1,1,1,1
RB-NQ_gpt_-1206653570097564556_P-EpistemicMismatch_LOW_342bf4a1_2336,-1206653570097564556,P-EpistemicMismatch,LOW,0,2,-5.2723,-12.5000,-2.5374,0,0,0,0
RB-NQ_gpt_-5061926765893337070_P-GranularityMismatch_MEDIUM_2c3708fc_3072,-5061926765893337070,P-GranularityMismatch,MEDIUM,1,2,-4.3687,-1.8750,0.9431,0,0,1,1
RB-NQ_nova_1803248910342766083_P-EpistemicMismatch_HIGH_d4e0fd3f_3696,1803248910342766083,P-EpistemicMismatch,HIGH,1,3,2.3085,1.0000,7.3945,1,1,1,1
RB-NQ_nova_1803248910342766083_P-GranularityMismatch_MEDIUM_029d6f8c_3693,1803248910342766083,P-GranularityMismatch,MEDIUM,1,3,-1.4732,-2.6250,-0.5258,0,1,1,0
RB-NQ_claude_1803248910342766083_P-GranularityMismatch_LOW_66fb1fb6_0175,1803248910342766083,P-GranularityMismatch,LOW,0,3,-1.9265,-8.5000,-2.0398,0,1,0,0
RB-NQ_claude_6969539427365218166_P-MissingInfo_MEDIUM_f30b0824_1219,6969539427365218166,P-MissingInfo,MEDIUM,1,0,-1.7514,-1.0000,-3.0850,0,0,1,0
RB-NQ_deepseek_-1206653570097564556_P-EpistemicMismatch_LOW_4e31cc95_1434,-1206653570097564556,P-EpistemicMismatch,LOW,0,2,-2.9709,-3.0000,-0.4215,0,0,0,0
RB-NQ_gpt_-1206653570097564556_P-EpistemicMismatch_MEDIUM_da30e1b9_2337,-1206653570097564556,P-EpistemicMismatch,MEDIUM,1,2,5.6553,9.1250,5.4512,1,1,1,1
RB-NQ_gpt_1803248910342766083_P-FalsePremise_HIGH_f83d06b6_2414,1803248910342766083,P-FalsePremise,HIGH,1,3,1.2607,0.3750,4.0361,1,1,1,1
RB-NQ_gpt_1803248910342766083_P-FalsePremise_MEDIUM_f1786861_2413,1803248910342766083,P-FalsePremise,MEDIUM,1,3,4.5237,4.6250,6.5407,1,1,1,1
RB-NQ_nova_1803248910342766083_P-FalsePremise_MEDIUM_9fc7b1bf_3692,1803248910342766083,P-FalsePremise,MEDIUM,1,3,2.1429,-0.7500,0.7719,1,1,1,0
RB-NQ_deepseek_1803248910342766083_P-EpistemicMismatch_LOW_c3940c9c_1481,1803248910342766083,P-EpistemicMismatch,LOW,0,3,-5.6915,-14.2500,-3.1772,0,0,0,0
RB-NQ_deepseek_1803248910342766083_P-FalsePremise_LOW_69d2e75f_1479,1803248910342766083,P-FalsePremise,LOW,0,3,2.6420,1.6250,0.3868,1,1,1,0
RB-NQ_deepseek_1803248910342766083_P-GranularityMismatch_LOW_0ccff5a1_1480,1803248910342766083,P-GranularityMismatch,LOW,0,3,-1.1246,-2.0000,-0.6054,0,1,1,0
RB-NQ_gpt_1803248910342766083_P-EpistemicMismatch_MEDIUM_6f7adde7_2418,1803248910342766083,P-EpistemicMismatch,MEDIUM,1,3,3.0218,3.0000,3.4004,1,1,1,1
RB-NQ_claude_7402184777947527945_P-MissingInfo_HIGH_74bc9b92_0230,7402184777947527945,P-MissingInfo,HIGH,1,3,-3.1570,-6.5000,5.8940,0,0,0,1
RB-NQ_gpt_-8199145431277346508_P-Ambiguity_MEDIUM_74c1b8cd_2887,-8199145431277346508,P-Ambiguity,MEDIUM,1,3,0.6054,-4.6250,-1.0886,1,1,0,0
RB-NQ_gpt_1803248910342766083_P-GranularityMismatch_LOW_fd388fee_2415,1803248910342766083,P-GranularityMismatch,LOW,0,3,-2.6834,-7.0000,-0.7110,0,0,0,0
RB-NQ_deepseek_-2321556715412254267_P-MissingInfo_LOW_9d24800f_1750,-2321556715412254267,P-MissingInfo,LOW,0,4,-7.5147,-5.7500,-2.8845,0,0,0,0
RB-NQ_claude_-2321556715412254267_P-MissingInfo_HIGH_35540392_0591,-2321556715412254267,P-MissingInfo,HIGH,1,4,-6.6803,-6.7500,-1.5565,0,0,0,0
RB-NQ_claude_-2321556715412254267_P-MissingInfo_MEDIUM_d27c82ff_0590,-2321556715412254267,P-MissingInfo,MEDIUM,1,4,-6.3340,-6.3750,-1.3552,0,0,0,0
RB-NQ_gpt_-8199145431277346508_P-Contradiction_HIGH_9454cbe8_2890,-8199145431277346508,P-Contradiction,HIGH,1,3,5.0966,9.7500,5.2877,1,1,1,1
RB-NQ_claude_-1206653570097564556_P-MissingInfo_HIGH_7afadf0f_0092,-1206653570097564556,P-MissingInfo,HIGH,1,2,-8.5759,-7.3750,-0.2819,0,0,0,0
RB-NQ_nova_7402184777947527945_P-EpistemicMismatch_HIGH_d305860d_3743,7402184777947527945,P-EpistemicMismatch,HIGH,1,3,1.6393,5.0000,7.2917,1,1,1,1
RB-NQ_deepseek_6969539427365218166_P-MissingInfo_HIGH_59ac1c3b_2147,6969539427365218166,P-MissingInfo,HIGH,1,0,-1.5309,-2.3750,-2.8221,0,0,1,0
RB-NQ_nova_7402184777947527945_P-EpistemicMismatch_LOW_3f5feb1d_3742,7402184777947527945,P-EpistemicMismatch,LOW,0,3,-0.7380,-1.8750,0.9294,0,1,1,0
RB-NQ_nova_7402184777947527945_P-FalsePremise_HIGH_d7a52f5c_3738,7402184777947527945,P-FalsePremise,HIGH,1,3,-0.0909,0.5000,1.3424,0,1,1,1
RB-NQ_nova_7402184777947527945_P-FalsePremise_LOW_7f4a0596_3736,7402184777947527945,P-FalsePremise,LOW,0,3,-2.1236,-2.8750,-0.8524,0,1,1,0
RB-NQ_nova_7402184777947527945_P-GranularityMismatch_HIGH_2cfd484d_3741,7402184777947527945,P-GranularityMismatch,HIGH,1,3,4.2276,13.3750,4.0135,1,1,1,1
RB-NQ_deepseek_-5299749370232228058_P-MissingInfo_HIGH_edc390d4_2162,-5299749370232228058,P-MissingInfo,HIGH,1,0,-3.0078,-9.3750,-0.9385,0,0,0,0
RB-NQ_deepseek_7402184777947527945_P-Ambiguity_LOW_8883a6fc_1511,7402184777947527945,P-Ambiguity,LOW,0,3,-3.0749,-4.3750,2.4016,0,0,0,1
RB-NQ_deepseek_7402184777947527945_P-GranularityMismatch_LOW_0a5e5b43_1517,7402184777947527945,P-GranularityMismatch,LOW,0,3,0.8005,-0.2500,1.9644,1,1,1,1
RB-NQ_nova_7402184777947527945_P-GranularityMismatch_LOW_2cb69f13_3739,7402184777947527945,P-GranularityMismatch,LOW,0,3,-6.3425,-12.2500,-1.4992,0,0,0,0
RB-NQ_gpt_3312666837228082099_P-Ambiguity_HIGH_bf16fadc_2559,3312666837228082099,P-Ambiguity,HIGH,1,4,-6.7149,-6.8750,0.1500,0,0,0,0
RB-NQ_gpt_7732521529054562311_P-Ambiguity_LOW_0790003e_2573,7732521529054562311,P-Ambiguity,LOW,0,4,-3.5095,-6.5000,1.5628,0,0,0,1
RB-NQ_nova_1803248910342766083_P-MissingInfo_MEDIUM_d37c2300_3689,1803248910342766083,P-MissingInfo,MEDIUM,1,3,-0.4803,-3.2500,0.6416,0,1,0,0
RB-NQ_claude_7402184777947527945_P-GranularityMismatch_HIGH_93f2ae67_0236,7402184777947527945,P-GranularityMismatch,HIGH,1,3,6.3498,11.3750,13.1118,1,1,1,1
RB-NQ_claude_7402184777947527945_P-GranularityMismatch_LOW_d012e95f_0234,7402184777947527945,P-GranularityMismatch,LOW,0,3,-5.0516,-9.2500,-0.6906,0,0,0,0
RB-NQ_deepseek_1803248910342766083_P-MissingInfo_MEDIUM_6fb69eef_1478,1803248910342766083,P-MissingInfo,MEDIUM,1,3,-0.6863,-3.1250,0.7424,0,1,0,0
RB-NQ_claude_7363398765815807969_P-MissingInfo_LOW_70fd90e6_0285,7363398765815807969,P-MissingInfo,LOW,0,3,-2.5104,-0.7500,-0.0580,0,1,1,0
RB-NQ_nova_6969539427365218166_P-GranularityMismatch_LOW_88dc5570_4480,6969539427365218166,P-GranularityMismatch,LOW,0,0,-3.8879,-7.2500,-2.5434,0,0,0,0
RB-NQ_nova_6969539427365218166_P-GranularityMismatch_MEDIUM_a901e0b5_4481,6969539427365218166,P-GranularityMismatch,MEDIUM,1,0,-2.0784,-0.7500,-1.5930,0,0,1,0
RB-NQ_claude_6969539427365218166_P-FalsePremise_HIGH_de32f5b4_1223,6969539427365218166,P-FalsePremise,HIGH,1,0,5.6235,7.6250,1.4838,1,1,1,1
RB-NQ_claude_6969539427365218166_P-FalsePremise_MEDIUM_7ee00589_1222,6969539427365218166,P-FalsePremise,MEDIUM,1,0,-1.6060,-1.2500,-3.1742,0,0,1,0
RB-NQ_gpt_-5299749370232228058_P-MissingInfo_MEDIUM_50c97e01_3450,-5299749370232228058,P-MissingInfo,MEDIUM,1,0,-4.1329,-9.0000,-1.1835,0,0,0,0
RB-NQ_gpt_3312666837228082099_P-Ambiguity_MEDIUM_ddfe9fcd_2558,3312666837228082099,P-Ambiguity,MEDIUM,1,4,-5.8400,-3.2500,-0.5469,0,0,1,0
RB-NQ_claude_-7941948650465895222_P-GranularityMismatch_HIGH_246ee68f_0426,-7941948650465895222,P-GranularityMismatch,HIGH,1,1,3.1030,2.8750,4.6763,1,1,1,1
RB-NQ_claude_7402184777947527945_P-MissingInfo_LOW_9678d236_0228,7402184777947527945,P-MissingInfo,LOW,0,3,-1.6502,-0.3750,1.3296,0,1,1,1
RB-NQ_deepseek_6969539427365218166_P-GranularityMismatch_HIGH_652d18be_2148,6969539427365218166,P-GranularityMismatch,HIGH,1,0,-1.6496,-0.6250,-0.3570,0,0,1,0
RB-NQ_gpt_6969539427365218166_P-EpistemicMismatch_LOW_c268e4cf_3430,6969539427365218166,P-EpistemicMismatch,LOW,0,0,-4.1597,-8.8750,-6.3093,0,0,0,0
RB-NQ_claude_-5299749370232228058_P-EpistemicMismatch_HIGH_48fde345_1259,-5299749370232228058,P-EpistemicMismatch,HIGH,1,0,2.5432,2.7500,3.1166,1,1,1,1
RB-NQ_claude_-5299749370232228058_P-FalsePremise_HIGH_6c5e7914_1255,-5299749370232228058,P-FalsePremise,HIGH,1,0,0.5198,4.1250,-1.5726,1,1,1,0
RB-NQ_claude_-5299749370232228058_P-FalsePremise_MEDIUM_9bc841ed_1254,-5299749370232228058,P-FalsePremise,MEDIUM,1,0,-4.5865,-5.0000,-2.2060,0,0,0,0
RB-NQ_deepseek_-5299749370232228058_P-EpistemicMismatch_MEDIUM_f60f61bf_2166,-5299749370232228058,P-EpistemicMismatch,MEDIUM,1,0,-0.2844,2.2500,2.4500,0,1,1,1
RB-NQ_deepseek_-5299749370232228058_P-FalsePremise_HIGH_674d045b_2163,-5299749370232228058,P-FalsePremise,HIGH,1,0,1.4433,-0.8750,-0.3208,1,1,1,0
RB-NQ_deepseek_-6992125597790283273_P-MissingInfo_HIGH_8a13b1a5_1630,-6992125597790283273,P-MissingInfo,HIGH,1,2,-2.6322,-5.6250,0.3040,0,0,0,0
RB-NQ_gpt_-5299749370232228058_P-EpistemicMismatch_MEDIUM_b93c1d4b_3457,-5299749370232228058,P-EpistemicMismatch,MEDIUM,1,0,-4.9096,-9.1250,0.1439,0,0,0,0
RB-NQ_nova_-5299749370232228058_P-FalsePremise_HIGH_e9bd5564_4498,-5299749370232228058,P-FalsePremise,HIGH,1,0,0.9647,2.8750,-1.2659,1,1,1,0
RB-NQ_nova_-5299749370232228058_P-FalsePremise_LOW_29a8fb13_4496,-5299749370232228058,P-FalsePremise,LOW,0,0,-6.5358,-9.0000,-2.6612,0,0,0,0
RB-NQ_nova_-5299749370232228058_P-FalsePremise_MEDIUM_4224bfa8_4497,-5299749370232228058,P-FalsePremise,MEDIUM,1,0,2.7953,7.2500,-0.5587,1,1,1,0
RB-NQ_nova_-5299749370232228058_P-GranularityMismatch_MEDIUM_e1ca28cd_4499,-5299749370232228058,P-GranularityMismatch,MEDIUM,1,0,-2.1285,-5.6250,1.1690,0,0,0,1
RB-NQ_nova_4344803622779505142_P-GranularityMismatch_HIGH_4f99d0bd_3853,4344803622779505142,P-GranularityMismatch,HIGH,1,0,-3.2857,5.8750,5.1174,0,0,1,1
RB-NQ_gpt_-5061926765893337070_P-MissingInfo_HIGH_24da5d0c_3068,-5061926765893337070,P-MissingInfo,HIGH,1,2,-4.3531,-5.3750,0.9659,0,0,0,1
RB-NQ_deepseek_-5299749370232228058_P-GranularityMismatch_LOW_dc5283d5_2164,-5299749370232228058,P-GranularityMismatch,LOW,0,0,-5.5638,-10.0000,-2.2132,0,0,0,0
RB-NQ_deepseek_-3563945110717053326_P-MissingInfo_LOW_b4f89935_1844,-3563945110717053326,P-MissingInfo,LOW,0,4,-1.3477,-1.6250,-1.2250,0,1,1,0
RB-NQ_claude_-5299749370232228058_P-MissingInfo_HIGH_30bab1a3_1252,-5299749370232228058,P-MissingInfo,HIGH,1,0,-5.8569,-10.3750,2.3394,0,0,0,1
RB-NQ_deepseek_1803248910342766083_P-MissingInfo_LOW_a6c27cb4_1477,1803248910342766083,P-MissingInfo,LOW,0,3,-1.4851,-3.8750,-0.4765,0,1,0,0
RB-NQ_claude_6144099837933283715_P-GranularityMismatch_LOW_8bc6585c_0039,6144099837933283715,P-GranularityMismatch,LOW,0,0,-5.6421,-11.7500,1.2215,0,0,0,1
RB-NQ_deepseek_6144099837933283715_P-FalsePremise_LOW_a63831bd_1390,6144099837933283715,P-FalsePremise,LOW,0,0,-1.0332,-7.6250,1.4668,0,1,0,1
RB-NQ_gpt_6144099837933283715_P-FalsePremise_HIGH_d219b6fa_2288,6144099837933283715,P-FalsePremise,HIGH,1,0,6.2114,10.8750,6.9837,1,1,1,1
RB-NQ_gpt_6144099837933283715_P-FalsePremise_MEDIUM_4c19b1bd_2287,6144099837933283715,P-FalsePremise,MEDIUM,1,0,4.8950,6.3750,4.2669,1,1,1,1
RB-NQ_nova_6144099837933283715_P-GranularityMismatch_MEDIUM_48b72c4e_3597,6144099837933283715,P-GranularityMismatch,MEDIUM,1,0,-0.8968,-3.2500,-1.0836,0,1,0,0
RB-NQ_claude_7732521529054562311_P-FalsePremise_MEDIUM_6376e79f_0344,7732521529054562311,P-FalsePremise,MEDIUM,1,4,1.6480,4.1250,5.3990,1,1,1,1
RB-NQ_claude_7732521529054562311_P-GranularityMismatch_LOW_7a74bee3_0345,7732521529054562311,P-GranularityMismatch,LOW,0,4,-6.4098,-11.3750,-0.2541,0,0,0,0
RB-NQ_gpt_7732521529054562311_P-FalsePremise_LOW_4d1f189a_2579,7732521529054562311,P-FalsePremise,LOW,0,4,-1.5663,-1.2500,1.8872,0,1,1,1
RB-NQ_nova_7732521529054562311_P-FalsePremise_HIGH_9ea8f7db_3823,7732521529054562311,P-FalsePremise,HIGH,1,4,-2.5913,-6.2500,2.1930,0,0,0,1
RB-NQ_claude_6144099837933283715_P-GranularityMismatch_MEDIUM_89053732_0040,6144099837933283715,P-GranularityMismatch,MEDIUM,1,0,-2.3038,-5.2500,2.4404,0,0,0,1
RB-NQ_deepseek_-5299749370232228058_P-MissingInfo_LOW_abcd1007_2161,-5299749370232228058,P-MissingInfo,LOW,0,0,-5.6330,-11.3750,-1.9847,0,0,0,0
RB-NQ_deepseek_6144099837933283715_P-GranularityMismatch_HIGH_f8fc4ef3_1393,6144099837933283715,P-GranularityMismatch,HIGH,1,0,4.8295,1.0000,5.2708,1,1,1,1
RB-NQ_deepseek_6144099837933283715_P-GranularityMismatch_LOW_1b0bebf4_1391,6144099837933283715,P-GranularityMismatch,LOW,0,0,-0.8758,-2.1250,1.0183,0,1,1,1
RB-NQ_deepseek_6144099837933283715_P-GranularityMismatch_MEDIUM_16543fbb_1392,6144099837933283715,P-GranularityMismatch,MEDIUM,1,0,-0.0371,-2.6250,2.5195,0,1,1,1
RB-NQ_gpt_6144099837933283715_P-EpistemicMismatch_HIGH_070dfbaa_2292,6144099837933283715,P-EpistemicMismatch,HIGH,1,0,1.4399,1.0000,4.6929,1,1,1,1
RB-NQ_gpt_6144099837933283715_P-EpistemicMismatch_MEDIUM_fc26d0ef_2291,6144099837933283715,P-EpistemicMismatch,MEDIUM,1,0,0.1136,-2.3750,1.1501,1,1,1,1
RB-NQ_deepseek_7732521529054562311_P-Ambiguity_LOW_d5d5202f_1593,7732521529054562311,P-Ambiguity,LOW,0,4,-1.7279,-5.1250,2.4504,0,1,0,1
RB-NQ_deepseek_7732521529054562311_P-EpistemicMismatch_HIGH_1d3c4b7e_1599,7732521529054562311,P-EpistemicMismatch,HIGH,1,4,-1.9187,-1.7500,6.1431,0,1,1,1
RB-NQ_gpt_7732521529054562311_P-EpistemicMismatch_MEDIUM_0971caa5_2582,7732521529054562311,P-EpistemicMismatch,MEDIUM,1,4,1.7506,0.1250,13.5402,1,1,1,1
RB-NQ_claude_-2060506905455252030_P-GranularityMismatch_HIGH_cf1393bf_0151,-2060506905455252030,P-GranularityMismatch,HIGH,1,2,1.4245,2.8750,1.3163,1,1,1,1
RB-NQ_gpt_-8964430330382911432_P-MissingInfo_HIGH_71823714_2962,-8964430330382911432,P-MissingInfo,HIGH,1,4,-4.1147,-6.0000,-3.3153,0,0,0,0
RB-NQ_claude_-6992125597790283273_P-MissingInfo_LOW_43d89cff_0404,-6992125597790283273,P-MissingInfo,LOW,0,2,-10.0158,-10.5000,-1.2108,0,0,0,0
RB-NQ_deepseek_-1206653570097564556_P-MissingInfo_LOW_840d041b_1431,-1206653570097564556,P-MissingInfo,LOW,0,2,-5.2886,2.5000,1.0729,0,0,1,1
RB-NQ_claude_3312666837228082099_P-MissingInfo_MEDIUM_64241b93_0329,3312666837228082099,P-MissingInfo,MEDIUM,1,4,-1.8636,-0.6250,1.3645,0,1,1,1
RB-NQ_claude_3312666837228082099_P-FalsePremise_HIGH_f372d4ef_0332,3312666837228082099,P-FalsePremise,HIGH,1,4,5.5709,6.6250,4.4327,1,1,1,1
RB-NQ_claude_3312666837228082099_P-GranularityMismatch_HIGH_cc5e98bc_0335,3312666837228082099,P-GranularityMismatch,HIGH,1,4,5.4116,8.5000,6.1055,1,1,1,1
RB-NQ_nova_3312666837228082099_P-Ambiguity_LOW_71395ed8_3804,3312666837228082099,P-Ambiguity,LOW,0,4,-5.1611,-3.3750,-1.8050,0,0,1,0
RB-NQ_nova_3312666837228082099_P-FalsePremise_HIGH_c632d650_3813,3312666837228082099,P-FalsePremise,HIGH,1,4,5.0561,8.7500,10.5540,1,1,1,1
RB-NQ_deepseek_3312666837228082099_P-FalsePremise_LOW_81f7cb36_1588,3312666837228082099,P-FalsePremise,LOW,0,4,-0.3683,2.8750,-1.1639,0,1,1,0
RB-NQ_gpt_3312666837228082099_P-EpistemicMismatch_LOW_a0563cb4_2570,3312666837228082099,P-EpistemicMismatch,LOW,0,4,-1.8439,2.7500,-1.2657,0,1,1,0
RB-NQ_gpt_3312666837228082099_P-EpistemicMismatch_MEDIUM_28e3ea02_2571,3312666837228082099,P-EpistemicMismatch,MEDIUM,1,4,1.4384,0.8750,3.4720,1,1,1,1
RB-NQ_nova_3312666837228082099_P-MissingInfo_MEDIUM_33d4373a_3810,3312666837228082099,P-MissingInfo,MEDIUM,1,4,0.5165,-1.1250,1.4945,1,1,1,1
RB-NQ_nova_-8199145431277346508_P-EpistemicMismatch_MEDIUM_bb596971_4074,-8199145431277346508,P-EpistemicMismatch,MEDIUM,1,3,1.3702,0.7500,1.1758,1,1,1,0
RB-NQ_deepseek_-8199145431277346508_P-GranularityMismatch_HIGH_4f82cc70_1805,-8199145431277346508,P-GranularityMismatch,HIGH,1,3,6.0320,6.7500,9.2666,1,1,1,1
RB-NQ_gpt_-8199145431277346508_P-GranularityMismatch_LOW_5b4a95b0_2896,-8199145431277346508,P-GranularityMismatch,LOW,0,3,4.0975,2.1250,2.9510,1,1,1,1
RB-NQ_nova_6969539427365218166_P-MissingInfo_LOW_32639a33_4476,6969539427365218166,P-MissingInfo,LOW,0,0,-3.0952,-5.5000,-2.0036,0,0,0,0
RB-NQ_deepseek_6605227747829720945_P-MissingInfo_LOW_ceb8ae5c_1964,6605227747829720945,P-MissingInfo,LOW,0,0,-4.6334,-8.6250,-0.4164,0,0,0,0
RB-NQ_deepseek_-8199145431277346508_P-MissingInfo_MEDIUM_602eea49_1799,-8199145431277346508,P-MissingInfo,MEDIUM,1,3,3.5338,-0.6250,1.6253,1,1,1,1
RB-NQ_nova_8816667823188176068_P-MissingInfo_HIGH_c80b8b3f_4507,8816667823188176068,P-MissingInfo,HIGH,1,1,-0.0389,-0.3750,2.0351,0,1,1,1
RB-NQ_gpt_3022939638183417538_P-MissingInfo_HIGH_f3a6b13f_2784,3022939638183417538,P-MissingInfo,HIGH,1,0,-2.7230,-7.2500,1.5043,0,0,0,1
RB-NQ_nova_-8359866474144720253_P-MissingInfo_HIGH_3a19f92d_3619,-8359866474144720253,P-MissingInfo,HIGH,1,2,1.2293,0.6250,2.0229,1,1,1,1
RB-NQ_nova_3105345941697760419_P-GranularityMismatch_HIGH_6a1ad4ed_3997,3105345941697760419,P-GranularityMismatch,HIGH,1,2,0.5935,6.3750,3.4528,1,1,1,1
RB-NQ_gpt_7402184777947527945_P-MissingInfo_MEDIUM_45dff2a3_2462,7402184777947527945,P-MissingInfo,MEDIUM,1,3,1.9514,0.7500,4.2554,1,1,1,1
RB-NQ_gpt_8350528572960416643_P-MissingInfo_HIGH_d35462a6_3146,8350528572960416643,P-MissingInfo,HIGH,1,4,2.4277,2.5000,4.6782,1,1,1,1
RB-NQ_nova_6969539427365218166_P-MissingInfo_MEDIUM_be9711e3_4477,6969539427365218166,P-MissingInfo,MEDIUM,1,0,0.3607,-1.3750,-0.5660,1,1,1,0
RB-NQ_gpt_7363398765815807969_P-MissingInfo_HIGH_60c35496_2520,7363398765815807969,P-MissingInfo,HIGH,1,3,0.0849,-0.7500,1.3392,1,1,1,1
RB-NQ_deepseek_3312666837228082099_P-MissingInfo_MEDIUM_438da1fc_1587,3312666837228082099,P-MissingInfo,MEDIUM,1,4,0.5316,-0.8750,0.9035,1,1,1,1
RB-NQ_gpt_3312666837228082099_P-MissingInfo_MEDIUM_8762b608_2563,3312666837228082099,P-MissingInfo,MEDIUM,1,4,0.5316,-0.8750,0.9035,1,1,1,1
RB-NQ_nova_-8199145431277346508_P-MissingInfo_HIGH_93a68367_4068,-8199145431277346508,P-MissingInfo,HIGH,1,3,1.6816,-3.3750,1.1153,1,1,0,0
RB-NQ_gpt_1803248910342766083_P-MissingInfo_HIGH_00bad775_2411,1803248910342766083,P-MissingInfo,HIGH,1,3,0.1455,-1.7500,3.2372,1,1,1,1
RB-NQ_nova_7732521529054562311_P-MissingInfo_HIGH_e1c406d1_3821,7732521529054562311,P-MissingInfo,HIGH,1,4,-1.4351,-6.0000,3.9096,0,1,0,1
RB-NQ_nova_-1176280233636154422_P-MissingInfo_HIGH_bcdcf6f8_3701,-1176280233636154422,P-MissingInfo,HIGH,1,4,1.4375,0.1250,2.9275,1,1,1,1
RB-NQ_nova_3368186292408394314_P-MissingInfo_HIGH_4e88eae4_4412,3368186292408394314,P-MissingInfo,HIGH,1,4,-2.0674,-1.2500,1.2385,0,1,1,1
RB-NQ_gpt_-1602885085222027775_P-MissingInfo_MEDIUM_de20ebf9_2492,-1602885085222027775,P-MissingInfo,MEDIUM,1,4,2.2140,-2.5000,2.3518,1,1,1,1
RB-NQ_gpt_8730028009751947933_P-MissingInfo_HIGH_f4bf88d2_3490,8730028009751947933,P-MissingInfo,HIGH,1,0,1.1055,2.3750,2.1824,1,1,1,1
RB-NQ_gpt_8730028009751947933_P-MissingInfo_MEDIUM_f4bf88d2_3489,8730028009751947933,P-MissingInfo,MEDIUM,1,0,1.1055,2.3750,2.1824,1,1,1,1
RB-NQ_nova_8730028009751947933_P-MissingInfo_HIGH_028f2202_4524,8730028009751947933,P-MissingInfo,HIGH,1,0,1.1055,2.3750,2.1824,1,1,1,1
RB-NQ_gpt_-458159261891926107_P-MissingInfo_HIGH_388a38ba_2837,-458159261891926107,P-MissingInfo,HIGH,1,0,0.6444,-3.8750,1.9978,1,1,0,1
RB-NQ_gpt_-458159261891926107_P-MissingInfo_MEDIUM_388a38ba_2836,-458159261891926107,P-MissingInfo,MEDIUM,1,0,0.6444,-3.8750,1.9978,1,1,0,1
RB-NQ_gpt_-4621948696356225060_P-MissingInfo_HIGH_e18263b2_2296,-4621948696356225060,P-MissingInfo,HIGH,1,0,-0.2109,-7.5000,0.8252,0,1,0,1
RB-NQ_nova_-1206653570097564556_P-MissingInfo_HIGH_3a137b9f_3629,-1206653570097564556,P-MissingInfo,HIGH,1,2,-4.2276,-6.3750,-0.7284,0,0,0,0
RB-NQ_nova_-1367137361753059601_P-MissingInfo_HIGH_d9b6e480_4226,-1367137361753059601,P-MissingInfo,HIGH,1,1,2.0979,4.8750,0.9556,1,1,1,1
RB-NQ_gpt_-353209775069332597_P-MissingInfo_HIGH_f4145c73_3000,-353209775069332597,P-MissingInfo,HIGH,1,4,1.1342,2.2500,3.7842,1,1,1,1
RB-NQ_nova_199896377614951764_P-GranularityMismatch_HIGH_6f84243b_3653,199896377614951764,P-GranularityMismatch,HIGH,1,1,-2.1280,7.7500,3.3468,0,1,1,1
RB-NQ_nova_6605227747829720945_P-MissingInfo_HIGH_c9daa005_4266,6605227747829720945,P-MissingInfo,HIGH,1,0,3.2638,0.6250,4.6333,1,1,1,1
RB-NQ_gpt_-5299749370232228058_P-MissingInfo_HIGH_c3d20b8a_3451,-5299749370232228058,P-MissingInfo,HIGH,1,0,-0.6562,-7.3750,1.6055,0,1,0,1
